"projectID","deviceID","tsStart","tsEnd"
1,0,NA,NA
1,11,1432252800,1463616000
1,11,1465070340,NA
1,13,1528329600,1575320450
1,13,1575325820,NA
1,15,1499675390,1539216000
1,15,1541462400,NA
1,27,1435795200,NA
1,29,1434412800,1461110400
1,29,1464393600,NA
1,52,1437609600,1437955200
1,52,1437955200,1438128000
1,52,1438128000,1447027200
1,52,1460151940,NA
1,53,1499417980,1529971200
1,53,1530921600,1547078400
1,73,1431302400,1481068800
1,73,1489763840,1521072000
1,84,1472428800,1492214400
1,84,1496188800,1510099200
1,84,1510099200,1523223040
1,84,1523223040,1563408000
1,88,1431302400,1482264060
1,88,1482264060,1492964100
1,89,1432252800,NA
1,91,1472058880,1494460800
1,91,1494460800,1510099200
1,91,1510099200,1523027460
1,91,1523289600,1552262400
1,91,1571702400,NA
1,96,1471991420,1481673600
1,96,1481673600,1495584000
1,103,1471969790,1481673600
1,103,1481673600,1492560000
1,103,1492560000,1510099200
1,103,1510099200,1523227780
1,103,1523227900,NA
1,105,1461079810,NA
1,106,1438128000,1449014400
1,106,1450310400,NA
1,109,1493024380,1499439620
1,109,1499439620,1499898620
1,109,1499963390,1531170560
1,122,1472161150,1473415170
1,122,1473455360,1482173950
1,122,1482173950,1490227200
1,122,1490313600,1493042430
1,122,1493042430,1497830400
1,122,1497830400,1551916800
1,127,1430956800,1433770240
1,141,1472077180,1509667200
1,142,1416182400,1429105540
1,142,1429105540,1479168000
1,142,1479168000,1491218940
1,142,1491220740,NA
1,152,1411689600,1434672000
1,152,1436896770,1443571200
1,152,1460152320,1461322110
1,152,1461340540,1479254400
1,152,1479254400,1559779200
1,152,1572912000,1577923200
1,152,1580155140,NA
1,154,1429700350,1478563200
1,154,1478563200,1491319810
1,154,1491321600,1499795970
1,154,1499801340,NA
1,155,NA,NA
1,157,1430870400,1492387200
1,157,1492387200,NA
1,172,1430136060,NA
1,173,1430330370,1443866370
1,173,1443902460,1473427840
1,174,1463068800,NA
1,175,1557014400,NA
1,178,1534550400,1559520000
1,178,1559520000,NA
1,189,1429894780,1478822400
1,189,1478822400,1491204610
1,189,1491208190,NA
1,194,1430236800,1507039230
1,194,1507049980,NA
1,202,1492793980,1521158400
1,202,1535673600,1567987200
1,207,1431170940,1480982400
1,207,1480982400,1489968000
1,207,1489968000,1525305600
1,210,1529798400,1534464000
1,217,1428602370,1447977600
1,217,1447977600,1479686400
1,217,1479686400,1491782400
1,217,1491782400,1575324030
1,217,1575590400,1575673220
1,222,1433462400,1472169600
1,223,1429642750,1478563200
1,223,1478563200,1492189180
1,223,1492189180,1544313600
1,224,1429574400,1478563200
1,224,1478563200,1491350400
1,224,1491399040,NA
1,229,1430784000,1482238850
1,229,1482238850,1491782400
1,229,1491812990,1510358400
1,237,1430956800,1442448000
1,237,1462463100,1465998210
1,237,1466009470,1482157820
1,237,1492775940,NA
1,251,1406764800,1479513600
1,251,1479513600,NA
1,252,1398384000,1407715200
1,252,1407715200,1416528000
1,252,1416528000,1427932800
1,252,1427932800,1479772800
1,252,1479772800,1492905600
1,253,1397692800,1408060800
1,253,1408060800,1415750400
1,253,1415750400,1429879170
1,253,1429879170,1479427200
1,253,1479427200,1491696000
1,253,1491696000,1556665220
1,253,1556665220,1572091140
1,253,1572091260,NA
1,254,1396656000,1407715200
1,254,1407715200,1415750400
1,254,1415750400,1428583550
1,254,1428583550,1480103940
1,254,1480103940,1492387200
1,254,1492387200,NA
1,256,1403568000,1428969600
1,256,1429034370,1478649600
1,256,1478649600,1491312640
1,256,1491314430,NA
1,257,1398816000,1402099200
1,257,1402099200,1408147200
1,257,1429528450,1478649600
1,257,1478649600,1492180220
1,257,1492180740,1557100800
1,257,1557104380,NA
1,258,1397088000,1408924800
1,258,1408924800,1482152450
1,258,1482152450,1492473600
1,258,1492473600,1513728000
1,258,1521072000,NA
1,262,1399507200,1416355200
1,262,1416355200,1429448450
1,262,1429448450,1479168000
1,262,1479168000,1493998210
1,262,1.494e+09,NA
1,263,1396656000,1407801600
1,263,1407801600,1415750400
1,263,1415750400,1428403460
1,263,1428403460,1479254400
1,263,1479254400,1489566590
1,263,1489568380,NA
1,264,1399334400,1411603200
1,264,1411603200,1415664000
1,264,1415664000,1428591620
1,264,1428591620,1479427200
1,264,1479427200,1491609600
1,264,1491609600,1519257600
1,264,1573430400,NA
1,267,1398643200,1416355200
1,267,1416355200,1417359620
1,267,1429462140,1478563200
1,267,1478563200,1491388160
1,267,1491397250,NA
1,269,1398988800,1407283200
1,269,1407283200,1413676800
1,269,1429713020,1478822400
1,269,1478822400,1491294590
1,269,1493888380,NA
1,272,1399334400,1415750400
1,272,1415750400,1428682500
1,272,1428682500,1479427200
1,272,1479427200,1491609600
1,272,1491609600,1583693950
1,275,1398038400,1415664000
1,275,1415664000,1431129600
1,275,1431129600,1491868800
1,276,1403481600,1416182400
1,276,1429091070,1479168000
1,276,1479168000,1491326980
1,276,1491328770,NA
1,277,1397779200,1462276860
1,277,1462276860,1467394180
1,277,1467394300,1479200380
1,277,1479200380,1492079360
1,277,1492079490,NA
1,278,1399248000,1416355200
1,278,1416355200,1429442940
1,278,1429442940,1478563200
1,278,1478563200,1491650940
1,278,1491652860,NA
1,281,1398556800,1403049600
1,281,1403049600,1415750400
1,281,1415750400,1428398980
1,281,1428398980,1482192000
1,282,1397433600,1416355200
1,282,1416355200,1429456770
1,282,1429456770,1478563200
1,282,1478563200,1491402620
1,282,1491404420,NA
1,284,1398297600,1407369600
1,284,1407369600,1479772800
1,284,1479772800,1492473600
1,284,1492473600,1559260800
1,284,1572912000,1576800000
1,286,1404950400,1461944580
1,286,1461957250,1482192000
1,288,1396656000,1403049600
1,288,1403049600,1407801600
1,288,1407801600,1416700800
1,288,1416700800,1428578940
1,288,1428578940,1473379200
1,289,1404691200,1416355200
1,289,1416355200,1429026050
1,289,1429026050,1479168000
1,289,1479168000,NA
1,290,1397260800,1409961600
1,290,1414368000,1534280960
1,290,1536624000,NA
1,291,1397692800,1416441600
1,291,1416441600,1429030140
1,291,1429030140,1434931200
1,291,1436918400,1461262210
1,291,1461332100,1478822400
1,291,1478822400,1491226240
1,291,1491228030,1540252800
1,292,1396656000,1407456000
1,292,1407456000,1468249220
1,292,1468540800,NA
1,293,NA,NA
1,293,1397692800,1403654400
1,293,1403654400,1416182400
1,293,1416182400,1429094660
1,293,1429094660,1542758400
1,293,1542931200,NA
1,294,1396656000,1407283200
1,294,1407283200,1409097600
1,294,1410652800,1419984000
1,294,1434672000,1446163200
1,295,1403049600,1415664000
1,295,1415664000,1428665340
1,295,1428665340,1456185600
1,295,1459468800,1460650500
1,295,1465488900,1479686400
1,295,1492511360,NA
1,296,1396656000,1407715200
1,296,1407715200,1479772800
1,296,1479776380,1492516860
1,296,1492984830,1555891200
1,296,1567519230,NA
1,297,1396656000,1407196800
1,297,1407196800,1419984000
1,297,1427846400,NA
1,299,1404259200,1461919230
1,299,1461927550,NA
1,300,1398384000,1416441600
1,300,1416441600,1428946180
1,300,1428946180,1430784000
1,300,1430911740,1494325760
1,300,1494327550,NA
1,304,1394496000,1394755200
1,304,1394755200,1397088000
1,304,1397088000,1407196800
1,304,1407196800,1411689600
1,304,1411689600,1438041600
1,304,1438041600,1514764800
1,304,1514764800,1546300800
1,304,1546300800,1559347200
1,304,1559347200,NA
1,306,1398729600,1416355200
1,306,1416355200,1429628420
1,306,1429633790,1478563200
1,306,1478563200,1491388160
1,306,1491389950,NA
1,308,1404086400,1405468800
1,308,1407888000,1408060800
1,308,1408320000,1416268800
1,308,1416268800,1429540220
1,308,1429540220,NA
1,310,1398297600,1407715200
1,310,1407715200,1479772800
1,310,1479772800,1492473600
1,310,1492473600,NA
1,312,1492772350,1531699200
1,315,1398729600,1403568000
1,315,1403568000,1416268800
1,315,1416268800,1429558140
1,315,1434931200,1448755200
1,315,1461888000,1461970820
1,315,1467072000,1496793600
1,316,1399161600,1416355200
1,316,1416355200,1429453180
1,316,1429453820,1478563200
1,316,1478563200,1491409790
1,316,1567544450,NA
1,318,1398902400,1408147200
1,318,1408147200,1429488000
1,318,1429533950,1478649600
1,318,1478649600,1492162180
1,318,1492163970,1535068800
1,318,1570665600,NA
1,319,1398816000,1416268800
1,319,1416268800,1429523970
1,319,1429523970,1461846270
1,319,1461846270,NA
1,321,1396656000,1407715200
1,321,1407715200,1437350400
1,321,1442448000,1474848000
1,325,1398211200,1407283200
1,325,1407283200,1416182400
1,325,1416182400,1429016450
1,325,1429016450,1478822400
1,327,1402963200,1415664000
1,327,1415664000,1428674430
1,327,1428674430,1479427200
1,327,1479427200,1492300800
1,327,1492300800,NA
1,328,1404432000,1481068800
1,328,1481068800,1489968000
1,328,1489968000,1575763200
1,330,1399248000,1404691200
1,330,1404691200,1416441600
1,330,1416441600,1428939010
1,330,1428939010,1479081600
1,330,1479081600,1491380990
1,330,1491382780,1499299200
1,331,1398556800,1407974400
1,331,1407974400,1415664000
1,331,1415664000,1428591620
1,331,1428591620,1479686400
1,331,1479686400,1489536000
1,331,1489536000,NA
1,336,1398124800,1407974400
1,336,1407974400,1415664000
1,336,1415664000,1428660860
1,336,1428660860,1479686400
1,336,1479686400,1489536000
1,336,1491782400,1536192000
1,337,1396656000,1407456000
1,337,1407456000,1414195200
1,337,1428065150,1483542020
1,337,1483542020,1492106110
1,337,1492106240,1495584000
1,337,1495584000,NA
1,338,1404345600,1478995200
1,338,1478995200,1489968000
1,338,1489968000,1572566400
1,340,1398211200,1407801600
1,340,1407801600,1415750400
1,340,1415750400,1428689660
1,340,1428689660,1467072000
1,340,1476176640,1582556420
1,340,1583679620,NA
1,343,1398643200,NA
1,345,1399593600,1407283200
1,345,1407283200,1479254400
1,345,1479254400,1491197440
1,345,1491199230,1536105600
1,346,1397174400,1403654400
1,346,1403654400,1410220800
1,346,1410220800,1416182400
1,346,1437350400,1479340800
1,346,1479340800,1492473600
1,346,1492473600,1571702400
1,346,1572307200,NA
1,348,1398124800,1407974400
1,348,1407974400,1415664000
1,348,1415664000,1428655490
1,348,1428655490,1466640000
1,348,1466640000,1467331200
1,348,1467331200,1479686400
1,348,1479686400,1491782400
1,348,1491782400,1528416000
1,348,1562889600,NA
1,350,1403654400,1416441600
1,350,1416441600,1429101950
1,350,1429101950,1479168000
1,350,1479168000,1491211780
1,350,1491213570,NA
1,352,1397174400,1408060800
1,352,1408060800,1416182400
1,352,1416182400,1429110660
1,352,1429110660,1461282940
1,352,1466713860,1471046400
1,352,1481500800,1536192000
1,354,1402012800,1403654400
1,354,1403654400,1416268800
1,354,1416268800,1429037950
1,354,1429037950,1461845760
1,354,1461845760,1467158400
1,485,1454284800,NA
1,570,1439164800,1447286400
1,570,1447286400,1461016190
1,570,1461016190,1481760000
1,570,1481760000,1485129600
1,570,1492012800,1510099200
1,570,1510099200,1523284220
1,570,1523284220,1557360000
1,572,1439164800,1447286400
1,572,1461008640,1485129600
1,572,1492019970,1510099200
1,572,1510099200,1523030400
1,572,1523030400,1571773820
1,572,1571788800,NA
1,640,1462474500,1467158400
1,640,1468332030,1525046400
1,652,1461963650,1479168000
1,652,1479168000,1491305340
1,652,1491307260,1499731200
1,652,1501459200,1542758400
1,652,1571702400,NA
1,654,1465516800,1560643200
1,731,1480086020,1494252030
1,774,1472221180,1481241600
1,774,1481241600,1482451200
1,788,1491868800,1561503620
1,788,1567987200,NA
1,798,1482170370,1550707200
1,798,1555718400,NA
1,877,1493323260,1499689860
1,877,1534280450,1559408640
1,877,1559430020,NA
1,878,1494599420,1524182400
1,878,1526774400,NA
1,879,1494532860,1499457540
1,879,1501545600,1568160000
1,887,1494360060,1524787200
1,887,1525219200,NA
1,963,1496519940,NA
1,964,1494791940,1535673600
1,970,1499694460,1562716800
1,1001,1496779260,1582573180
1,1003,1493596800,1530057600
1,1050,1501545600,1509321600
1,1064,1526471940,1539388800
1,1077,1505433600,1526428800
1,1077,1526428800,NA
1,1088,1528070400,NA
1,1089,1529798400,NA
1,1121,1535587200,NA
1,1152,1529971200,1536796800
1,1161,1531094400,NA
1,1165,1527631230,1558656000
1,1165,1572912000,1574640000
1,1165,1574697600,NA
1,1200,1536105600,1554595200
1,1200,1573506940,NA
1,1213,1537920000,NA
1,1231,1546905600,NA
1,1244,1531170050,1581037180
1,1264,1541894400,1573506560
1,1271,1554163200,NA
1,1349,1562284800,NA
1,1444,1565049600,1568156420
1,1444,1568901630,1577923200
1,1444,1582747140,NA
1,1485,1575676800,1578700800
1,1521,1570492800,NA
1,1523,1570651140,NA
1,1526,1570140030,NA
1,1600,1569888000,1577923200
1,1601,1569888000,1577923200
1,1601,1582747140,NA
1,1608,1573344000,1577923200
1,1611,1557187200,NA
1,1614,1572912000,1575244800
1,1653,1583712000,NA
1,1670,1558396800,NA
1,1671,1569888000,1578009600
1,1671,1582227840,NA
1,1674,1575676800,1578700800
1,1693,1581364740,NA
1,1696,1583420420,NA
1,1697,1582556420,NA
1,1698,1582573310,NA
1,1703,1580515200,NA
2,7,1401062400,1416355200
2,7,1416355200,1432317570
2,7,1432317570,1442021380
2,8,1402012800,1418083200
2,8,1418083200,1432925060
2,8,1432925060,1448928000
2,9,1400544000,1416528000
2,9,1416528000,1431633660
2,9,1431633660,1448553600
2,9,1448553600,1460921340
2,9,1460921340,1468877950
2,9,1468877950,1480164480
2,9,1480164480,1491850750
2,9,1491850750,1511019010
2,9,1511019010,1522953600
2,9,1522953600,1548420480
2,9,1557237630,1575659650
2,9,1575659650,NA
2,12,NA,NA
2,12,1400803200,1431302400
2,12,1433789950,1467039620
2,12,1479037820,1482364800
2,12,1494277250,1510152580
2,12,1510152580,1529780220
2,12,1529953150,1543935620
2,13,1399593600,1399939200
2,13,1401062400,1416441600
2,13,1416441600,1432420860
2,13,1432420860,1442068350
2,13,1442068350,1448468990
2,13,1448468990,1457019010
2,13,1458765060,1460128770
2,14,1402704000,1416441600
2,14,1416441600,1431543550
2,14,1432422020,1448224260
2,14,1448224260,1461099650
2,14,1461099650,1480449540
2,14,1480449540,1491685250
2,14,1491685250,1511205380
2,14,1511205380,1518652800
2,15,1401580800,1416528000
2,15,1416528000,1431611140
2,15,1431611140,1443092350
2,16,1401148800,1416441600
2,16,1416441600,1432391940
2,16,1432391940,1444867200
2,16,1446925440,1448374780
2,16,1448374780,1461168000
2,16,1461168000,1467244800
2,16,1468698620,1480526210
2,16,1480526210,1491656960
2,16,1491656960,1511287170
2,16,1511287170,1522780160
2,16,1522780160,1533038340
2,16,1533908740,1562850050
2,16,1565278210,NA
2,17,1400976000,1415750400
2,17,1415750400,1433721600
2,18,1519061380,1521158400
2,18,1522685950,1553634940
2,18,1553634940,1553634940
2,19,1519402500,1575298820
2,20,1400371200,1430999170
2,20,1430999170,1447872000
2,20,1447872000,1457449220
2,20,1457449220,1479991810
2,20,1479991810,1554242430
2,21,1401148800,1416441600
2,21,1416441600,1432399490
2,21,1432399490,1448377860
2,21,1448377860,1457368190
2,21,1457368190,1468694400
2,21,1468694400,1480529150
2,21,1480529150,1491653120
2,21,1491653120,1554472580
2,21,1554472830,NA
2,22,1400371200,1430994180
2,22,1430994180,1447862140
2,22,1447862140,1458831620
2,22,1458831620,1461792510
2,22,1461792510,1493892220
2,23,1401235200,1416441600
2,23,1416441600,1432385410
2,23,1432385410,1444262400
2,23,1564783230,1567857660
2,24,1400976000,1415750400
2,24,1415750400,1433779200
2,24,1433779200,1447506050
2,24,1447511420,1460320260
2,25,1400544000,1416528000
2,25,1416528000,1431638400
2,25,1431638400,1448475650
2,25,1448475650,1460851200
2,25,1460851200,1468939140
2,25,1468939260,1479830400
2,25,1480615940,1491856260
2,25,1491856260,1511015810
2,25,1511015810,1519422340
2,25,1519422340,1522962050
2,25,1522962050,1575649790
2,25,1575649790,NA
2,26,1400284800,1436097540
2,26,1436097540,1461715200
2,26,1461715200,1468585860
2,26,1468585860,1480005760
2,26,1480005760,1499612160
2,26,1523363460,1534417150
2,30,1401667200,1416528000
2,30,1416528000,1431554430
2,30,1431554430,1431993600
2,30,1440887420,1448128770
2,30,1448128770,1460999550
2,30,1460999550,1478434560
2,30,1478434560,1491744640
2,30,1491744640,1511117440
2,30,1511117440,1522862460
2,30,1522862460,1555074050
2,30,1555074050,1576180740
2,30,1576180740,NA
2,31,1401667200,1416528000
2,31,1416528000,1431614980
2,31,1431614980,1448120700
2,31,1448120700,1460996990
2,31,1460996990,1478443780
2,31,1478443780,1491828610
2,31,1491828610,1511107460
2,31,1511107460,1522871680
2,31,1522871680,1576238340
2,31,1576238340,NA
2,32,1401494400,1416528000
2,32,1416528000,1431620990
2,32,1431620990,1443196800
2,32,1500309500,1510682110
2,32,1510682110,1533234560
2,32,1533234560,NA
2,33,1402012800,1416441600
2,33,1416441600,1432413950
2,33,1432413950,1448312450
2,33,1448312450,1457299840
2,33,1457299840,1480517380
2,33,1480517380,1491662720
2,33,1491662720,1511281790
2,33,1511281790,1517054460
2,33,1517054460,NA
2,34,1401494400,1416528000
2,34,1416528000,1431624580
2,34,1431624580,1440849660
2,37,1459951230,1480609790
2,37,1480609790,1491576320
2,37,1491576320,1511368190
2,37,1511368190,1522696830
2,37,1522696830,1542901250
2,37,1542903550,1554370180
2,37,1554381570,1567187970
2,37,1567187970,1575313150
2,37,1575313150,NA
2,39,1401580800,1416528000
2,39,1416528000,1431602430
2,39,1431602430,1437993600
2,39,1494424830,1507593600
2,41,1463664000,1546992000
2,43,1402444800,1418169600
2,43,1418169600,1432919680
2,43,1432919680,1448990980
2,43,1448990980,1460388610
2,43,1460388610,1467904640
2,43,1467904640,1478861440
2,43,1478861440,1494433790
2,43,1561649410,NA
2,45,1400889600,1403308800
2,45,1403308800,1431734400
2,45,1431734400,1432155650
2,45,1432155650,1447592450
2,45,1447592450,1460285950
2,45,1460297340,1478981120
2,45,1478981120,1492466430
2,45,1492466430,1510833020
2,45,1510833020,1561375740
2,45,1561375870,1579024770
2,45,1579024770,NA
2,46,1401926400,1416441600
2,46,1416441600,1431549950
2,46,1431549950,1448218750
2,46,1448218750,1461085180
2,46,1493892220,1554220800
2,46,1554231550,1567857660
2,46,1568397570,NA
2,47,1400284800,1436112000
2,47,1436112000,1447791360
2,47,1447791360,1456857860
2,47,1456857860,1461715200
2,47,1461715200,NA
2,48,1434931200,1463097600
2,49,1522270850,1534444160
2,49,1534444160,1540475390
2,49,1540475390,1554210560
2,49,1554212990,1567868420
2,49,1568322050,NA
2,50,1562850050,1565278210
2,50,1568840450,1569684610
2,50,1569783550,1579014020
2,51,1401235200,1416441600
2,51,1416441600,1432378750
2,51,1432378750,1448393340
2,51,1448393340,1456937980
2,51,1458660610,1575477630
2,51,1575477630,NA
2,53,1399939200,1400025600
2,53,1402012800,1418083200
2,53,1418083200,1432933250
2,53,1432933250,1447350020
2,55,1401926400,1416441600
2,55,1416441600,1431536380
2,55,1431536380,1443598210
2,55,1443600000,1444867200
2,55,1444935550,1448383490
2,55,1448383490,1457283580
2,55,1457283580,1480532100
2,55,1480532100,1491648640
2,55,1491648640,1504483200
2,55,1504483200,1518609660
2,55,1518632960,1555024770
2,55,1555024900,1555024900
2,56,1400371200,1436047230
2,56,1436047230,1447853440
2,56,1447853440,1457042430
2,56,1457042430,1461785340
2,56,1461785340,1480003460
2,56,1480003460,1493744000
2,56,1493744000,1510423170
2,56,1510423170,1519152900
2,68,1506941950,1510485890
2,68,1510485890,1523363460
2,143,1460930430,1468873860
2,143,1468873860,1480167300
2,143,1480167300,1491846910
2,143,1491846910,1511022340
2,143,1511022340,1522950660
2,143,1522950660,1542542340
2,144,1443108860,1448205570
2,144,1448205570,1460937600
2,144,1461015940,1467201540
2,144,1467201540,1478366720
2,144,1478366720,1491775230
2,144,1491775230,1511187580
2,144,1511187580,1522926850
2,144,1522926850,NA
2,145,1412696700,1418083200
2,145,1432233860,NA
2,146,1438382340,1446578430
2,147,1434136320,1461681660
2,147,1461681660,1479050110
2,147,1479050110,1492449660
2,147,1492449660,1510847100
2,147,1510847100,1558465150
2,147,1558465150,1576588540
2,147,1576588540,NA
2,148,1447352580,1460648450
2,148,1460648450,1478960130
2,148,1478960130,1493231870
2,148,1493231870,1510686980
2,148,1510686980,1522427390
2,148,1522427390,1565776770
2,149,1432238340,1460764800
2,149,1460820610,1469021950
2,149,1469021950,1478971260
2,149,1478971260,1493215490
2,149,1493215490,1500249600
2,150,1435681660,1447961340
2,150,1447961340,1462024830
2,150,1462024830,1479921020
2,150,1479921020,1494017410
2,150,1494017410,1510580350
2,150,1510580350,1557403140
2,150,1564611330,1564678780
2,150,1564685950,NA
2,151,1433522050,1461604860
2,151,1461604860,1468956540
2,151,1468956540,NA
2,153,1499612160,1510418430
2,153,1510418430,1522270850
2,155,1439251200,1504483200
2,155,1504483200,1511294460
2,155,1511294460,1522773890
2,155,1522773890,1554418820
2,155,1554418820,1567868420
2,155,1569522560,1575489540
2,155,1575489540,NA
2,156,1438710020,1448370050
2,162,1534417150,1568387710
2,162,1568387710,NA
2,163,1412682750,1418083200
2,165,1443196800,1448113790
2,165,1448113790,1460989180
2,165,1460989180,1478449150
2,165,1478449150,1491837310
2,165,1491837310,1511102720
2,165,1511102720,1522944260
2,165,1522944260,NA
2,166,1449014400,NA
2,168,1433784320,1447519230
2,168,1447519230,1460368000
2,168,1460403970,1479651840
2,168,1479651840,1494594430
2,168,1494594430,1510068350
2,168,1510068350,1533579260
2,168,1533579260,1562686210
2,168,1562686210,1576678530
2,168,1576678530,NA
2,176,1444924800,1444935550
2,176,1448294400,1457292540
2,176,1457292540,1461189630
2,176,1461189630,1468774140
2,176,1468774140,1480508160
2,176,1480508160,1491676160
2,176,1491676160,1511267840
2,176,1511267840,1517054460
2,176,1517054460,1554998400
2,176,1554998400,1576252800
2,176,1576252800,NA
2,184,1412290820,1432493950
2,184,1432493950,1448304640
2,184,1460320260,1479648000
2,184,1479648000,1494605060
2,184,1494605060,1510056580
2,184,1510056700,1533585660
2,184,1533585660,1566930560
2,184,1566930560,1576684800
2,184,1576684800,NA
2,185,1440633600,1462381180
2,185,1462381180,1478796930
2,185,1478796930,1492630140
2,185,1492630140,1510835460
2,185,1510835460,1522584060
2,185,1522584060,NA
2,186,1437993600,1448193540
2,186,1448193540,1461007740
2,186,1461007740,1467224960
2,186,1467311360,1478355840
2,186,1478355840,1491748740
2,186,1491748740,1503360000
2,186,1505480450,1511200640
2,186,1511200640,1522850430
2,186,1522850430,1533081600
2,187,1468673660,1575485950
2,191,1432221570,1447340420
2,191,1447340420,1462890620
2,191,1462890620,1500308990
2,193,1442081150,1554391810
2,193,1554391810,1566482430
2,193,1566482430,1575468030
2,193,1575468030,NA
2,195,1415886340,1436117380
2,195,1436117380,1447787650
2,195,1447787650,1458755970
2,195,1458755970,1461760260
2,195,1461760260,1468597500
2,195,1468597500,1474545020
2,195,1503313150,1511177340
2,195,1511177340,1522930820
2,195,1522930820,1533908740
2,196,1461088900,1468792830
2,196,1468792830,1480446340
2,196,1480446340,1491736190
2,196,1491736190,1511196930
2,196,1511196930,1522854020
2,196,1522854020,1555089920
2,196,1555089920,NA
2,197,1460640900,1478955780
2,197,1478955780,1494424830
2,197,1494433790,1510768510
2,197,1510768510,1522422020
2,197,1522422020,1541083520
2,197,1541095170,1552737540
2,197,1552737540,1554922240
2,197,1554922240,1578927620
2,197,1578927620,NA
2,198,1440851460,1448107780
2,198,1448107780,1460982020
2,198,1460982020,1480174850
2,198,1480174850,1491843330
2,198,1491843330,1511098620
2,198,1511098620,1522946940
2,198,1522946940,1576250110
2,198,1576250110,NA
2,199,1412285440,1416441600
2,199,1416441600,1432400380
2,199,1432400380,1438109440
2,200,1448304640,1458662400
2,200,1458662400,1461183620
2,200,1461183620,1468771200
2,200,1468771200,1480510210
2,200,1480510210,1491673090
2,200,1491673090,1511271040
2,200,1511271040,1517054460
2,200,1517054460,1551355140
2,200,1554492540,1567868420
2,200,1567868420,1568642430
2,200,1568642430,1576161920
2,200,1576161920,NA
2,203,1500490240,1510668540
2,203,1510668540,1522432770
2,205,1438630140,1446854400
2,206,1522157440,1540470020
2,206,1554219010,1567868420
2,206,1568316030,NA
2,208,1412121600,1416787200
2,208,1416787200,1422316800
2,208,1431648000,1460836860
2,208,1460836860,1566999040
2,208,1566999040,NA
2,211,1553634940,1554139780
2,211,1554139780,1554660860
2,212,1412274560,1438014460
2,212,1438014460,1443623420
2,212,1474545660,1480012160
2,212,1480012160,1493831420
2,212,1493831420,1510411140
2,212,1510411140,1519061380
2,213,1415976700,1447879550
2,213,1447879550,1457442050
2,213,1457442050,1461868800
2,213,1461868800,1468512900
2,213,1468512900,1479986300
2,213,1479986300,1493929860
2,213,1493929860,1503360000
2,216,1412256640,1416355200
2,216,1416355200,1432326660
2,216,1432326660,1448461820
2,216,1448461820,1456948740
2,216,1456948740,1459936770
2,216,1460129410,1461595140
2,216,1461595140,1522685950
2,216,1522685950,1522685950
2,220,1499941760,1511192700
2,220,1511192700,1522859390
2,220,1522859390,1576178940
2,220,1576178940,NA
2,221,1460378880,1463603460
2,221,1463603970,1479554690
2,221,1479554690,1494788350
2,221,1494788350,1548201600
2,225,1461161220,1480442370
2,225,1480442370,1494870140
2,225,1494870140,1505498370
2,225,1562439550,1575480580
2,225,1575480580,NA
2,226,1433513980,1448029180
2,226,1448029180,1461698430
2,226,1461698430,1478626820
2,226,1479490820,1493729280
2,226,1493729280,1510598400
2,226,1510598400,NA
2,227,NA,NA
2,227,1438603260,1447602560
2,227,1447602560,1461605380
2,227,1461605380,1468959620
2,227,1468959620,1479063300
2,227,1479063300,1492693250
2,227,1492693250,1510858500
2,227,1510858500,1523298560
2,227,1523298560,1534348800
2,227,1534348800,1560778240
2,227,1560778240,NA
2,228,1449014400,1561725950
2,228,1561725950,NA
2,230,1443627010,1448124290
2,230,1448124290,1461333630
2,230,1461333630,1478438660
2,230,1478438660,1491824640
2,230,1491824640,1511111420
2,230,1511111420,1522867460
2,230,1522867460,NA
2,234,1412899200,1416528000
2,234,1416528000,1431629060
2,234,1431629060,1448550910
2,234,1448550910,1460930430
2,235,1435851780,1447938560
2,235,1447938560,1461943810
2,235,1461943810,1479900540
2,235,1479900540,1493988610
2,235,1493988610,1510512640
2,235,1510512640,NA
2,236,1432580350,1441065600
2,236,1441065600,1469836800
2,236,1469836800,NA
2,240,1433526660,1448900990
2,240,1448900990,1460903420
2,240,1460903420,1468953600
2,240,1468953600,1478634240
2,240,1478634240,1492711550
2,240,1492711550,1510926720
2,240,1510926720,1523293180
2,240,1523293180,1575640830
2,240,1575640830,NA
2,283,1555024770,1576161020
2,283,1576161020,NA
2,358,1459497600,1460378880
2,362,1459497600,1463662850
2,364,1565787650,1572609540
2,559,1554660860,NA
2,648,1444176000,1448388860
2,648,1448388860,1457276420
2,648,1457276420,1480539010
2,648,1480539010,1491602690
2,648,1491602690,1511350780
2,648,1511350780,1516363260
2,648,1516363260,1554391810
2,648,1554402560,1554490750
2,648,1554490880,1562439550
2,661,1406129540,1434128380
2,711,1554242430,NA
2,1021,1509555580,NA
2,1263,1553263230,NA
2,1622,1574359170,NA
2,1690,1579442430,1579528830
3,6,NA,NA
3,35,1406073600,1419984000
3,35,1434499200,1449014400
3,35,1471651200,NA
3,38,1405468800,1416787200
3,38,1441843200,NA
3,44,1406073600,1419984000
3,44,1437609600,1449014400
3,44,1464220800,NA
3,54,1442448000,1449014400
3,54,1469577600,1510790400
3,54,1527465600,1542326400
3,54,1563181180,1574121600
3,82,1497432580,1542722430
3,83,1405555200,1416787200
3,83,1437696000,1449619200
3,83,1470182400,1478736000
3,83,1498694400,1510617600
3,83,1532017280,1542499200
3,83,1563530370,1574294400
3,85,1455667200,NA
3,95,1441065600,1540771200
3,99,1442880000,1448928000
3,99,1469664000,1478563200
3,99,1495929600,1510790400
3,102,1473703170,1478732420
3,102,1503590400,NA
3,116,1435190400,1473120000
3,116,1498852860,1504828800
3,116,1505419260,1509739260
3,133,1446768000,1505779200
3,137,1435104000,1447027200
3,137,1464825600,1477440000
3,259,1409011200,NA
3,260,1405123200,1418083200
3,260,1433894400,1447027200
3,260,1466467200,1477440000
3,260,1503360000,1510831230
3,260,1527465600,1542326400
3,260,1563274750,1574208000
3,268,1409097600,1472256000
3,268,1472256000,1542326400
3,268,1542326400,1574121600
3,270,1405123200,1418083200
3,270,1433980800,1447027200
3,270,1470182400,1477440000
3,270,1505779200,1525824000
3,279,1402099200,1416873600
3,279,1432598400,1448841600
3,279,1464220800,1477526400
3,279,1500422400,1509667200
3,279,1531485060,1540944000
3,279,1563901180,1570716030
3,301,1405555200,1449619200
3,301,1456790400,1541030400
3,301,1552521600,1572134400
3,305,1405209600,1542722430
3,311,1402012800,1416960000
3,311,1432598400,1446336000
3,311,1464134400,1477612800
3,311,1499817600,1509667200
3,311,1531496700,1540944000
3,311,1563717630,1571662850
3,314,1405382400,1416873600
3,314,1443571200,1464048000
3,314,1464048000,1542412800
3,314,1542412800,1574294400
3,317,1405036800,1418083200
3,317,1435276800,1447027200
3,317,1466380800,1477440000
3,323,1405036800,1417996800
3,323,1435190400,1447027200
3,323,1466467200,1477440000
3,323,1496188800,1508803200
3,323,1528718340,1538697600
3,323,1557878400,1572454780
3,326,1409011200,1416355200
3,326,1442966400,1448928000
3,326,1469750400,1478563200
3,326,1495756800,1510790400
3,326,1531924220,1542326400
3,333,1405382400,1416787200
3,333,1443484800,1449619200
3,333,1464048000,1542499200
3,333,1563447550,1574294400
3,339,1405555200,1416787200
3,339,1442275200,1449619200
3,339,1470268800,1478649600
3,339,1498694400,1510617600
3,339,1531992580,1542412800
3,339,1563454850,1574294400
3,342,1405123200,1418083200
3,342,1434844800,1447027200
3,342,1434844800,1447027200
3,342,1466467200,1477440000
3,353,1405900800,1416441600
3,353,1442966400,1448928000
3,353,1469664000,1478602750
3,353,1501066750,1542326400
3,353,1563181180,1574208000
3,721,1405382400,1416873600
3,721,1443484800,1449619200
3,721,1464048000,1478649600
3,721,1496188800,1510704000
3,721,1531321220,1542412800
3,721,1563436800,1574294400
3,722,1473120000,1473206400
3,722,1482130820,NA
3,775,1425168000,1541030400
3,857,NA,NA
3,867,1535587200,1541030400
3,867,1563271170,1574208000
3,895,1500980350,1510790400
3,895,1527465600,1542326400
3,895,1563267580,1574208000
3,896,1501066750,1510790400
3,896,1527465600,1542326400
3,896,1563267580,1574121600
3,917,1503273600,1542326400
3,917,1563177600,1574121600
3,962,1501185540,1505088000
3,962,1531440000,1540080000
4,58,1462212860,1549459840
4,58,1565718910,1566308100
4,61,1565026560,1580977790
4,630,1445961600,1560384000
4,632,1457110660,1462383870
4,632,1462383870,1468688380
4,639,1458838780,1523145600
4,777,1473691520,1497362430
4,777,1497367810,1503117060
4,818,1487696380,1561930240
4,1022,1517244290,NA
4,1023,1517437820,1521368060
4,1023,1533686400,1536278400
4,1023,1551976190,NA
4,1024,1517585410,NA
4,1030,1517337860,NA
4,1035,1512516610,NA
4,1043,1517507460,1536244220
4,1043,1562782720,1565718270
4,1046,1512419460,1517444220
4,1046,1524259840,NA
4,1054,1528729470,NA
4,1075,1520873090,1575486980
4,1075,1575487230,NA
4,1096,1517410820,1526943620
4,1096,1535720450,NA
4,1116,1508771970,1517480960
4,1116,1537747200,1539043200
4,1116,1551445250,NA
4,1240,1542206850,1584711040
4,1240,1584711420,NA
4,1243,1548952190,1557923460
4,1261,1551293950,1552485630
4,1261,1552485630,1561399170
4,1261,1562786940,1582302590
4,1358,1561344130,NA
4,1372,1549552640,NA
4,1421,1561399170,1563189890
4,1421,1563190140,1564050560
4,1421,1569589250,NA
4,1422,1551875460,NA
4,1455,1562694910,1582147840
4,1470,1564174460,1578731390
4,1489,1551970820,1564054140
4,1489,1567604220,1570550400
4,1508,1566596990,1567684860
4,1508,1567684860,NA
4,1559,1569426690,NA
4,1576,1573676420,NA
4,1577,1555951740,NA
4,1589,1571659260,1572370820
4,1589,1576006020,NA
4,1602,1569426690,NA
5,0,1401321600,1412035200
6,0,1580839170,NA
6,164,1461342590,1581090300
6,188,1461261570,NA
6,215,1459895170,1580936450
6,215,1581090300,NA
6,218,1460132480,1580832000
6,218,1580936450,NA
6,1736,NA,NA
7,58,1402612220,1415628030
7,58,1433500800,1446598780
7,543,1434528000,1444708860
7,544,1434369540,1445914750
7,545,1434009600,1445400060
7,546,1434369540,1445396350
7,589,1403615360,1410220799
7,598,1403039100,1415804420
7,598,1433491200,NA
7,663,1372636800,1372723200
7,663,1372723200,1388448000
7,663,1404151420,1414504830
7,664,1371125760,1383419260
7,664,1402959230,1409922050
7,665,1371864700,1377043200
7,665,1377043200,1378047490
7,665,1378049410,1383227650
7,665,1397786240,1399855230
7,665,1403298300,1405684740
7,665,1405690370,1406023170
7,665,1406047360,1406728190
7,665,1406728830,1410292740
7,666,1372717570,1383674750
7,666,1403272830,1414767620
8,547,1376330750,1382507260
8,547,1404777600,1414540800
8,563,1376327300,1383264000
8,563,1404777600,1414540800
9,60,1375365630,1383091200
9,60,1442667010,1451995140
9,61,1375459200,1383091200
9,61,1405347330,1416394750
9,61,1430514050,1451995140
9,62,1375351170,1383091200
9,62,1406111100,1407768320
9,62,1407768320,1410251390
9,62,1410251390,1415187970
9,62,1435776260,1449218050
9,65,1406558720,1407330050
9,65,1407330050,1414483200
9,549,1375453820,1383091200
9,549,1405956100,1416481540
9,549,1436296830,1449756030
9,549,1494360060,1500336000
9,549,1501617660,NA
9,586,1405359620,1416397440
9,586,1442434300,1447675390
9,586,1462462210,1489363200
9,586,1494288000,1498694400
9,586,1502136060,1503161090
9,725,1472745600,1552780800
10,0,1533823230,1540425600
10,4,1369679360,1371148800
10,4,1371235200,1388534400
10,7,1536485380,NA
10,8,1563976830,1564444800
10,10,1563376510,1572876930
10,16,NA,NA
10,18,1407872900,1408492800
10,18,1408492800,1410566400
10,18,1410566400,1415059200
10,18,1434153600,1442361600
10,18,1443029760,1443114880
10,18,1443114880,1446050300
10,18,1471634690,1477330300
10,18,1502742660,1509198080
10,19,1407873540,1410625790
10,19,1410625790,1415059200
10,19,1438992000,1445904000
10,19,1470768900,1477340670
10,19,1502039040,1508523780
10,23,1554127230,1561647620
10,28,1407969280,1410631810
10,28,1410631810,1446681600
10,28,1537036160,NA
10,36,1407878530,1410373890
10,36,1410373890,1410566400
10,36,1410566400,1415059200
10,36,1470598400,1477760380
10,36,1503087740,1508617600
10,37,1410885760,1415059200
10,37,1441722620,1450051200
10,40,1410122880,1415059200
10,40,1434153600,1442689660
10,40,1443034240,1444416380
10,40,1444416380,1445968770
10,40,1471207170,1477500540
10,40,1533907200,1540512000
10,41,1407881090,1410620670
10,41,1410620670,1415059200
10,41,1439395200,1446562180
10,49,1407872260,1410615040
10,49,1410615040,1415059200
10,49,1441460350,1443037310
10,50,1407866370,1408291200
10,50,1408291200,1410096260
10,50,1410096260,1410610430
10,50,1410610430,1415059200
10,50,1438692610,1442102400
10,50,1443108610,1446055550
10,50,1471551230,1477324160
10,50,1502998400,1508620540
10,50,1554057340,1561240830
10,57,1408560260,1441460350
10,57,1443026560,1528397950
10,57,1528397950,1564948740
10,57,1564951810,NA
10,63,1365465600,1400371200
10,64,1366329600,1420759810
10,66,1365465600,1366675200
10,66,1379000830,1379182850
10,66,1379182850,1383577220
10,66,1406894980,1409356800
10,67,1379178750,1383579010
10,67,1383579010,1388448000
10,68,1554225660,1564704000
10,68,1568309380,NA
10,69,1402358400,1432252800
10,69,1536685180,1537196420
10,71,1365552000,1375747200
10,71,1376250240,1386255620
10,72,1376146820,1378727940
10,72,1378733440,1386255620
10,90,1427414400,1427846400
10,129,1565015300,NA
10,159,1554407940,NA
10,192,1411766020,1415059200
10,192,1437597950,1441915520
10,192,1441915520,1442436740
10,192,1442436740,1443461250
10,192,1443461250,1444996860
10,192,1444996860,1445978240
10,192,1470856830,1477593340
10,203,1536415230,NA
10,204,1411302020,1415059200
10,204,1433116800,1435708800
10,204,1435708800,1442430590
10,204,1442430590,1445973500
10,205,1565026050,NA
10,206,1411846530,1415059200
10,206,1438646400,1441719040
10,206,1441719040,1442430590
10,206,1442430590,1444944260
10,206,1444944260,1445976190
10,206,1470225410,1477826940
10,211,1411843070,1415059200
10,211,1501952380,1509287680
10,211,1519057280,1527690620
10,211,1536510980,1543248000
10,219,1411932160,1415059200
10,219,1434153600,1442685440
10,219,1442687870,1444419970
10,219,1444419970,1445968770
10,219,1471809020,1477332990
10,219,1502811650,1508606980
10,219,1519072000,1527686660
10,219,1568764800,NA
10,247,1370114940,1376582400
10,247,1378252800,1380499200
10,248,1369173630,1376917250
10,248,1559079680,NA
10,249,1369665020,1388534400
10,283,1410370820,1415059200
10,283,1439053820,1442361600
10,283,1442361600,1443124740
10,283,1443124740,1446048000
10,283,1533772800,1540512000
10,358,1365465600,1371928830
10,358,1371928830,1375453820
10,358,1376158850,1401235200
10,360,1365552000,1380566400
10,360,1380566400,1382295550
10,361,1380377980,1380460800
10,362,1365465600,1400284800
10,363,1365465600,1371909630
10,363,1372954240,1400371200
10,363,1563303300,1574791170
10,488,1363793410,1369656060
10,489,1434844800,1445299200
10,491,1408320000,1413158400
10,493,1408147200,1414886400
10,494,1363730430,1369252860
10,533,1375737340,1379005180
10,548,1380560380,1386176380
10,559,NA,NA
10,560,1366835200,1393601790
10,560,1439535620,1520262020
10,561,1375543810,1401062400
10,564,1365465600,1371993600
10,564,1371994240,1375401600
10,564,1375401600,1400371200
10,566,1365465600,1368015620
10,566,1368032380,1375466370
10,566,1375635580,1401148800
10,567,1365552000,1371945600
10,610,1375620610,1412208000
10,610,1559146880,NA
10,614,1369944060,1537036160
10,615,1366892420,1371940860
10,643,1537196420,1543334400
10,643,1553983870,1561654780
10,659,1382295550,1386262780
10,667,1380461440,1408579200
10,668,1370801150,1376524800
10,668,1376582400,1388534400
10,668,1388534400,1554407940
10,669,1371124740,1383264000
10,670,1369515010,1544810110
10,711,1367366400,1442793600
10,1140,1536942590,1543330820
10,1140,1544810110,1554249600
10,1140,1554249600,1565481600
10,1140,1568332800,NA
10,1433,1564408830,NA
10,1492,1569262850,NA
11,59,1414195200,1414540800
11,59,1439942400,1446508800
11,587,1405555200,1413849600
11,587,1441324800,1444348800
11,588,1408579200,1412640000
11,588,1439942400,1444521600
11,590,1404844160,1412899200
11,608,1377817220,1388448000
11,608,1409258370,1415059200
12,58,1376352000,1383004800
12,565,1378166400,1383091200
12,584,1377820800,1383177600
12,584,1409184000,1414627200
12,585,1402876800,1414195200
12,589,1410220800,1413504000
12,596,1375574400,1382140800
12,596,1409356800,1414540800
12,597,1376524800,1386028800
12,598,1379030400,1383868800
12,599,1402531200,1414368000
12,600,1376956800,1383091200
12,600,1409702400,1413676800
12,662,1377216000,1383523200
12,662,1410307200,1414454400
12,720,1410307200,1414454400
13,63,1372636800,1406073600
13,67,1437501440,1443524350
13,71,1407110400,1412812800
13,245,1374451200,1379894400
13,245,1405641600,1412467200
13,246,1375142400,1379462400
13,246,1405520640,1448841600
13,249,1405987200,1413244800
13,355,1375228800,1381276800
13,355,1405641600,1412467200
13,356,1375056000,1380067200
13,356,1405900800,1412899200
13,356,1437488640,1443520770
13,357,1374451200,1381276800
13,357,1436455940,1441370370
13,358,1405641600,1412553600
13,359,1375401600,1380153600
13,359,1406246400,1412640000
13,360,1406332800,1413849600
13,361,1376352000,1379894400
13,361,1407110400,1412812800
13,362,1407110400,1412812800
13,363,1406246400,1414454400
13,363,1468540800,1468540800
13,364,1375747200,1380240000
13,364,1405603330,1412726400
13,364,1466985600,1466985600
13,365,1405641600,1412726400
13,534,1373760000,1380499200
13,540,1375747200,1380499200
13,548,1375315200,1380067200
13,548,1406246400,1412640000
13,564,1365513470,1371993600
13,564,1405641600,1412553600
13,567,1374019200,1379980800
13,615,1374451200,1380240000
13,661,1375228800,1381276800
13,661,1381276800,1406073600
13,667,1374451200,1380412800
13,738,1373932800,1375228800
14,181,1498867200,1514505600
14,181,1501718400,1501804800
14,483,1404259200,1414022400
14,483,1432857600,1447027200
14,483,1464307200,1507766400
14,483,1507766400,NA
14,484,1373760000,1380412800
14,484,1405814400,1414713600
14,484,1430956800,1444521600
14,484,1464566400,1469577600
14,484,1492473600,1505779200
14,484,1505779200,NA
14,489,1406851200,1409443200
14,497,1372291200,1378252800
14,497,1378252800,1378339200
14,497,1406592000,1416710140
14,497,1431648000,1447027200
14,497,1465344000,1507075200
14,497,1507075200,NA
14,498,1400976000,1415404800
14,498,1430352000,1449360000
14,498,1461283200,1508371200
14,498,1524787200,NA
14,499,1373241600,1380240000
14,499,1405036800,1414108800
14,499,1429747200,1447632000
14,499,1463011200,1505779200
14,499,1505779200,NA
14,500,1373155200,1380153600
14,500,1405209600,1413849600
14,500,1432252800,1445817600
14,500,1459987200,1507161600
14,500,1507161600,NA
14,501,NA,NA
14,501,1373241600,1380326400
14,501,1401321600,1415577600
14,501,1430179200,1445731200
14,501,1465430400,1509062400
14,501,1509062400,NA
14,502,1372809600,1385078400
14,502,1401408000,1430956800
14,502,1431388800,1446854400
14,502,1461542400,1527764350
14,503,1376524800,1378425600
14,503,1378425600,1378512000
14,503,1404604800,1416960000
14,503,1429920000,1461542400
14,503,1462406400,1465948800
14,503,1469577600,1507680000
14,503,1507680000,NA
14,504,1401148800,1415491200
14,506,1372809600,1385164800
14,506,1402185600,1417219200
14,506,1431043200,1448064000
14,507,1405814400,1414713600
14,507,1428796800,1461542400
14,507,1463185540,1505692800
14,507,1540252800,NA
14,509,1402444800,1417219200
14,509,1461110400,1508198400
14,509,1527768060,NA
14,510,1403620860,1417219200
14,510,1432944000,1447200000
14,510,1465948800,1492560000
14,510,1508284800,NA
14,511,1402876800,1403620860
14,511,1431388800,1445299200
14,511,1465344000,1508284800
14,512,1405641600,1416009600
14,512,1430784000,1444435200
14,512,1461542400,NA
14,522,1434153600,1442102400
14,522,1462060800,1509235200
14,522,1511265660,NA
14,523,1435492220,1435492220
14,523,1435492350,1435492350
14,523,1435536000,1445126400
14,523,1461456000,1466467200
14,523,1469059200,1510099200
14,523,1510099200,NA
14,524,1434758400,1443225600
14,524,1473552000,1509235200
14,524,1509235200,NA
14,525,1435622400,1445126400
14,525,1560470400,NA
14,562,1366934400,1367020800
14,562,1374710400,1385078400
14,562,1.404e+09,1404086400
14,562,1404086400,1413072000
14,742,1469577600,1510531200
14,742,1510531200,1540252800
14,743,1469664000,1511222400
14,743,1528300800,NA
14,744,1468540800,1510358400
14,744,1510358400,NA
14,745,1465171200,NA
14,746,1469145600,NA
14,747,1464048000,1492948740
14,747,1506729600,NA
14,748,1471910400,NA
14,749,1466380800,1506729600
14,749,1549756800,NA
14,750,1474243200,1492128000
14,750,1492128000,1506816000
14,750,1506816000,NA
14,751,1468886400,1510704000
14,751,1510704000,NA
14,752,1470009600,1473724800
14,752,1475020800,1493337600
14,752,1529510400,1536278400
14,752,1557878400,NA
14,753,1462406400,1467244800
14,753,1493337600,NA
14,755,1466208000,1535241600
14,755,1560556800,NA
14,757,1464652800,1492732800
14,757,1492732800,1514764800
14,758,1463788800,NA
14,759,1467244800,1508976000
14,759,1508976000,1524873600
14,759,1528934400,NA
14,760,1467072000,1511265540
14,760,1560816000,NA
14,780,1366761600,1366934400
14,817,1490054400,1514764800
14,837,1488585600,1514764800
14,838,1490054400,NA
14,868,1489795200,1514764800
14,910,1489622400,1514764800
14,911,1494115200,NA
14,1017,1501718400,1505433600
14,1017,1526428800,1538438400
14,1167,1526342400,1539648000
14,1168,1526342400,1538438400
14,1679,1561507200,NA
15,181,NA,NA
16,167,1407867650,1415318400
16,214,1407882110,1415318400
16,231,1407537020,1415318400
16,273,1406542460,1415318400
16,312,1400616190,1415404800
16,322,1395669380,1406073600
16,351,1400084220,1415318400
17,550,1372636800,1376524800
17,550,1376784000,1384473600
17,550,1.404e+09,1410739200
17,607,1.404e+09,1411084800
18,4,1366358400,1367751680
18,4,1397773820,1399555200
18,4,1399555200,1399921790
18,71,1397773820,1399481860
18,71,1399481860,1399934340
18,245,1397772290,1399798400
18,247,1397774720,1399798660
18,249,1397817860,1399840770
18,536,1365866750,1369914500
18,536,1399986690,1401387520
18,536,1429257600,1431417600
18,536,1431441020,1433098750
18,561,1367280000,1368230400
18,584,1397771900,1399840770
18,767,1365950460,1369824640
19,552,1461482370,1463075970
19,552,1490097660,1494763260
19,552,1517748220,1523897980
19,552,1549342850,1557835260
19,554,NA,NA
19,554,1461571580,1463075970
19,554,1490525950,1494763260
19,554,1517751940,1519559940
19,554,1549281540,1551625220
19,554,1551632380,1555408770
19,556,1461591170,1463075970
19,556,1489838340,1494763260
19,556,1517596420,1525694460
19,556,1549018750,1557671940
19,557,1461569410,1462903170
19,557,1489917570,1490176770
19,557,1490180350,1494763260
19,557,1549018750,1557669630
19,558,1461419140,1463075970
19,558,1489752060,1494763260
19,558,1517592190,1525694460
19,624,1458579580,1504791040
19,624,1507215490,NA
19,625,1458662400,1504727040
19,625,1507228670,NA
19,626,1458903550,1504708220
19,626,1507221630,NA
19,627,1458648060,1504714500
19,627,1515239940,1525780740
19,859,1488998140,1504796420
19,859,1507223300,NA
19,863,1489093890,1504721660
19,863,1507228800,NA
19,1094,1519210750,1525356030
19,1247,1552176000,1552404610
19,1247,1555350910,1557849600
19,1248,1552233600,1552928380
19,1248,1553167740,1553878780
19,1248,1557399550,1557575940
19,1249,1549454340,1555350660
19,1250,1552404610,1552928380
19,1250,1553186940,1553878780
19,1250,1555956740,1557575940
19,1253,1553207040,1553878780
19,1253,1555415550,1556711940
19,1254,1553208060,1553904000
19,1254,1556632830,1557144060
19,1254,1563753600,1563997180
19,1286,1527681540,NA
20,1653,1568073600,1571356800
23,1485,NA,NA
24,251,1399507200,1400630400
24,256,1399507200,1399740540
24,256,1399740540,1400630400
24,276,1399507200,1400716800
24,286,1399507200,1400716800
24,289,1399507200,1400630400
24,299,1399507200,1400716800
24,307,1399593600,1400716800
24,328,1399593600,1400716800
24,338,1399507200,1400630400
24,350,1399507200,1400716800
25,543,1508112000,NA
25,591,1406160000,1407196800
25,591,1407196800,1416873600
25,591,1416873600,1435104000
25,591,1435104000,1453248000
25,591,1463382020,1482476420
25,591,1489633150,1515024000
25,592,1414229760,1429056000
25,592,1429056000,1431475200
25,592,1431648000,1453248000
25,592,1461888000,1557014400
25,592,1567520380,1572897540
25,597,1402272000,1411862400
25,1049,1524234620,1543331460
26,18,1399991420,1407542400
26,19,1402272000,1403136000
26,19,1403136000,1407542400
26,28,1400889600,1403308800
26,28,1403308800,1406505600
26,28,1406592000,1407628800
26,36,1402531200,1403136000
26,36,1403136000,1407542400
26,37,1400889600,1403308800
26,37,1403308800,1406505600
26,37,1406678400,1407628800
26,40,1403049600,1405987200
26,40,1405987200,1407542400
26,41,1402704000,1407542400
26,49,1402272000,1403136000
26,49,1403136000,1407628800
26,50,1400889600,1407542400
26,57,1403222400,1407542400
26,143,1433266560,1440633600
26,148,1434295300,1440633600
26,165,1433958780,1441292420
26,174,1433094530,1443225600
26,176,1433260420,1435690750
26,176,1435690750,1440547200
26,185,1433440510,1440633600
26,196,1435536000,1440547200
26,198,1433532420,1440547200
26,203,1432999940,1440633600
26,220,1433264000,1440633600
26,491,1435449600,1436400000
26,493,1435104000,1439424000
29,233,1462366850,1462368900
29,233,1462368900,1465199870
31,0,1536883200,NA
31,0,1539216000,NA
31,0,1540857600,NA
31,0,1543190400,NA
31,123,1460678400,1470355200
31,686,1470394750,NA
31,689,NA,NA
31,689,1466553600,1498953600
31,690,1465171200,NA
31,756,1469645950,NA
31,791,1476972030,NA
31,847,1487857660,NA
31,872,1488913150,NA
31,873,1480445950,NA
31,874,1490644740,NA
31,884,1489694460,NA
31,1059,1521817220,NA
31,1125,1535673600,NA
31,1170,1537833600,NA
31,1173,1537228800,NA
31,1262,1540512000,NA
31,1615,1552348800,NA
32,526,1435611650,1447351170
32,526,1465776000,1480118400
32,543,1471132800,1479168000
32,544,1472601600,1479513600
32,545,1447891200,NA
32,562,1431475200,1436315390
32,562,1436389250,1448143230
32,574,1409935870,1413756030
32,574,1430938750,1446156030
32,574,1470873600,1478736000
32,584,1431302400,1447884030
32,584,1470960000,1479600000
32,594,1436315390,1448143230
32,594,1466035200,1480204800
32,596,1431036030,1447970430
32,596,1471478400,1479168000
32,681,1431388800,1447884030
32,681,1470182400,1475020800
32,681,1477785600,1487116800
32,761,1465862400,1480291200
32,762,1466294400,1480982400
32,781,1472256000,1479254400
35,0,NA,NA
35,0,1523302780,NA
35,0,1554357630,NA
35,660,1460730620,1461083650
35,660,1461328260,1504094460
35,660,1505131260,1515686400
35,660,1525984510,NA
35,674,1461541250,1461714050
35,674,1461714050,1525373950
35,674,1525797250,NA
35,844,1492473600,1504699140
35,844,1504699260,NA
35,845,1493251200,1498147200
35,845,1502467200,1514995200
35,845,1524808830,1584536450
35,845,1584536450,1584536450
35,846,1492732800,1497355260
35,846,1502722820,NA
35,866,1493856000,1498060800
35,866,1498176000,1498176000
35,866,1498435200,1498435200
35,866,1502798340,1507982340
35,866,1557867650,NA
35,875,1491249660,1497542400
35,875,1503417600,1517831940
35,875,1525799420,NA
35,876,1461676670,1509724800
35,876,1526947200,1527033600
35,1198,1534291200,1536628739
35,1237,1523295100,NA
35,1386,1562618750,NA
35,1741,1584536580,NA
36,116,1473292800,1478217600
37,555,1470784900,NA
37,653,1471625730,1511461760
37,1169,1536855550,1540598400
38,74,1432512000,1446508800
38,74,1463529600,1480291200
38,75,1432512000,1446422400
38,75,1463529600,1480550400
38,75,1495033220,1503271810
38,75,1503271810,1503271810
38,78,1463529600,1480550400
38,78,1495034370,1511856000
38,199,1463529600,1480291200
38,199,1495061250,1511769600
38,199,1527292800,1542153600
38,261,1406851200,1415232000
38,261,1503271810,1511856000
38,261,1527292800,1542153600
38,280,1405468800,1415232000
38,280,1432425600,1446508800
38,280,1463443200,1480550400
38,280,1494950140,1511769600
38,285,1405123200,1415232000
38,285,1432512000,1446422400
38,324,1405123200,1415232000
38,349,1405468800,1415232000
38,349,1432425600,1446508800
38,527,1436227200,1441670400
38,528,1436140800,1441929600
38,528,1468915200,1469815810
38,528,1470726910,1471019390
38,528,1502221820,1502319620
38,609,1463529600,1468540800
38,647,1463443200,1480550400
38,998,1494963710,1511856000
38,998,1527379200,1542153600
38,998,1558483200,1573603200
38,999,1495120770,1511769600
38,1175,1527292800,1542240000
38,1175,1558656000,1573689600
38,1176,1527206400,1542240000
38,1176,1558656000,1573603200
38,1177,1527206400,1542153600
38,1177,1558656000,1573689600
38,1335,1558483200,1573603200
38,1336,1558483200,1573603200
40,100,1435276800,1466294400
40,100,1466380800,NA
40,265,1403483010,NA
40,274,1395292800,NA
40,287,1405468800,1413504000
40,302,1403481600,1412812800
40,341,1401638660,1412121600
40,341,1433116800,1443052800
40,341,1464393600,1475193600
40,341,1501444860,1506556800
40,341,1519948800,1536969600
40,341,1552435200,1569801600
40,1099,1527465600,NA
41,655,NA,NA
41,675,NA,NA
41,677,NA,NA
41,678,NA,NA
41,739,NA,NA
43,622,1408579200,1414800000
43,622,1414800000,1417564800
43,622,1417564800,1418342400
43,622,1418342400,1424217600
43,622,1438214400,1440547200
43,622,1440633600,1453334400
43,622,1453334400,1455580800
43,622,1455580800,1455840000
43,622,1458086400,1460505600
43,622,1460592000,1468281600
43,622,1468281600,1483747200
43,622,1483747200,1505260800
43,623,1407974400,1417564800
43,623,1417564800,1418342400
43,623,1418342400,1422835200
43,623,1437523200,1439769600
43,623,1439769600,1441152000
43,623,1441843200,1441929600
43,623,1441929600,1452038400
45,181,1410963200,1417737600
45,181,1443661180,1443754750
45,181,1443754750,1449320580
45,233,1411917820,1417737600
47,80,1430697600,1443571200
47,80,1447718400,1447804800
47,80,1468800000,1481587200
47,80,1493294340,1515510020
47,80,1523836800,1544572800
47,80,1547683200,NA
47,86,1430179200,1430784000
47,86,1431043200,1433894400
47,86,1438214400,1443657600
47,86,1444867200,1451260800
47,86,1462579200,1481500800
47,86,1492664450,1515542400
47,86,1523923200,1544140800
47,86,1554076800,NA
47,114,1430784000,1434672000
47,114,1435795200,1451260800
47,114,1469664000,1471910400
47,114,1471910400,1483488000
47,180,1431561600,1435190400
47,180,1435708800,1443571200
47,180,1444089600,1445817600
47,180,1445817600,1451260800
47,180,1461628800,1481760000
47,180,1494233980,1516888830
47,180,1524096000,1545091200
47,180,1554681600,1558224000
47,180,1568073600,NA
47,266,1400544000,1407110400
47,266,1407110400,1420070400
47,266,1431216000,1443744000
47,266,1444262400,1451260800
47,266,1462752000,1484006400
47,303,1400716800,1406160000
47,303,1406851200,1417305600
47,303,1431043200,1435708800
47,303,1437091200,1443657600
47,303,1464076800,1466446980
47,303,1493031550,1512604800
47,303,1524182400,1539993600
47,303,1554854400,NA
47,313,1400779650,1405900800
47,322,1406073600,1416441600
47,322,1430870400,1435708800
47,322,1436227200,1451260800
47,322,1461542400,1481760000
47,329,1400803200,1405987200
47,329,1406035070,1412121600
47,856,NA,NA
47,856,1494318590,1498742400
47,856,1499077250,1510930820
47,856,1525132800,1531180800
47,856,1531385980,1539907200
47,856,1540944000,1547164800
47,856,1554940800,NA
47,957,1501176960,1516665600
47,957,1524096000,1531137540
47,957,1531699200,1544486400
47,957,1558137600,NA
48,0,1551225600,NA
48,0,1556038780,NA
48,0,1559177980,NA
48,0,1560792700,NA
48,0,1574168960,1574170240
48,96,1496088060,1510099200
48,96,1510099200,1523276160
48,96,1523276160,1571846400
48,96,1571846530,NA
48,649,1415145600,1463008640
48,649,1477915140,1484231040
48,649,1487721600,1506027390
48,649,1509926400,1532276990
48,650,1463008640,1501624190
48,651,1415664000,1485372420
48,651,1501782270,1508418050
48,708,1500595200,1525953540
48,708,1525954180,1564790400
48,735,1500580860,1525953540
48,735,1525954180,1564790400
48,831,1484233220,1487376000
48,854,1485375360,1536883200
48,919,1502476160,NA
48,920,1501564800,NA
48,921,1501609860,NA
48,922,1501357180,NA
48,923,1500897540,NA
48,924,1500825600,NA
48,925,1501432450,NA
48,926,1502366460,NA
48,927,1501066750,1560963580
48,927,1560974850,NA
48,929,1501342850,NA
48,930,1501245060,NA
48,931,1501099260,NA
48,932,1501513470,NA
48,933,1500987650,1529236740
48,951,1502904580,1540771200
48,952,1503358850,1536883200
48,952,1536883200,NA
48,953,1502965760,NA
48,954,1506014720,1509926400
48,954,1533838850,NA
48,955,1502994560,NA
48,956,1508435970,1542569730
48,956,1546905600,NA
48,1048,1521139710,NA
48,1053,1522952450,1535470210
48,1053,1535470210,1535470340
48,1102,1532277890,NA
48,1122,1535663360,NA
48,1174,1538664580,NA
48,1198,1536628740,NA
48,1199,1536644990,NA
48,1218,1541611780,NA
48,1220,1538168450,NA
48,1230,1535480960,NA
48,1232,1545868800,1555684220
48,1239,1542573310,1565654400
48,1239,1574439550,NA
48,1251,1536636420,NA
48,1252,1536632190,NA
48,1280,1551398400,1563926400
48,1297,1556224260,NA
48,1342,1556121600,NA
48,1343,1541102340,NA
48,1351,1559343230,NA
48,1352,1559253890,NA
48,1353,1559060740,NA
48,1386,NA,NA
48,1404,1556191740,NA
48,1407,1574168450,NA
48,1416,1564599550,NA
48,1424,1564704000,NA
48,1426,1564765180,NA
48,1443,1564516860,NA
48,1446,1568865540,1568865540
48,1446,1568865540,1579046400
48,1458,1565784060,NA
48,1460,1568325630,NA
48,1502,1561143550,1561154430
48,1502,1566568830,1566590980
48,1547,1568224260,NA
48,1548,1565740800,NA
48,1551,1569196800,NA
48,1552,1576962050,NA
48,1571,1570039170,NA
48,1574,1570139140,NA
48,1616,1569958140,NA
48,1652,1572388220,NA
48,1663,1564678780,NA
48,1665,1576781440,NA
48,1713,1567747840,NA
49,38,NA,NA
49,116,NA,NA
50,0,NA,NA
54,76,1428710400,1436572800
54,77,1436572800,1437955200
54,77,1438041600,1449360000
54,81,1428019200,1436918400
54,81,1438128000,1451174400
54,84,1427241600,1449014400
54,87,1427328000,1449014400
54,90,1428278400,1437091200
54,90,1437436800,1448928000
54,91,1427846400,1438300800
54,91,1438300800,1449360000
54,92,1426896000,1449446400
54,92,1438041600,1449446400
54,93,1426896000,1449619200
54,94,1427414400,1449100800
54,96,1427673600,1449100800
54,103,1427500800,1449100800
54,105,1427587200,1449014400
54,107,1427500800,1449100800
54,108,1428364800,1437177600
54,108,1437523200,1449446400
54,109,1427673600,1449532800
54,111,1427328000,1449014400
54,119,1428105600,1437091200
54,119,1437696000,1448928000
54,124,1427673600,1449273600
54,126,1427241600,1427673600
54,126,1428605950,1449014400
54,130,1427155200,1449014400
54,134,1437264000,1449446400
54,135,1428278400,1449273600
54,139,1428624000,1430265600
54,139,1437177600,1449273600
54,141,1428192000,1437177600
54,167,1426636800,1449532800
54,202,1426809600,1449619200
54,209,1409961600,1410134400
54,214,1426032000,1430265600
54,214,1437609600,1448928000
54,231,1426636800,1449619200
54,273,1426550400,1449187200
54,351,1426464000,1449014400
54,568,1440460800,1449100800
54,593,1436918400,1449273600
54,595,1440720000,1449619200
54,601,1436400000,1449187200
54,602,1436486400,1449532800
54,603,1436486400,1449532800
54,604,1441065600,1444003200
54,605,1436918400,1449273600
54,606,1436745600,1449360000
54,644,1438300800,1449187200
54,656,1436227200,1451865600
57,171,1423958400,1433116800
57,171,1456444800,1463529600
57,182,1491004800,NA
57,190,1428710400,1431648000
57,190,1460073600,1469404800
57,190,1474761600,1490572800
57,201,1429488000,1431734400
57,201,1459987200,1567382400
57,201,1569715200,NA
57,819,1490572800,NA
57,824,1487721600,NA
57,825,1487750400,NA
57,829,1493161220,1495375230
57,852,1490745600,NA
57,1051,1525366780,1526403580
59,160,1432288770,NA
59,183,1431561600,NA
59,581,1431475200,NA
59,646,1431475200,NA
59,737,1462480640,1476155010
59,737,1493899260,NA
61,153,1433782140,1449070210
61,166,1436140800,1449014400
61,187,1433775740,1449075580
61,197,1432822140,1449061250
61,228,1432848260,1449014400
62,161,1421859580,1531915260
62,169,1422316800,1532044800
62,177,1421766020,NA
62,179,1423576830,1534334460
62,232,1421341440,NA
62,250,1447689600,NA
62,344,1418144380,NA
63,79,1428883200,1428969600
63,79,1429056000,1444780800
63,79,1460678400,1477008000
63,79,1491436800,1507827580
63,79,1525219200,1535328000
63,79,1556150400,1571356800
63,97,NA,NA
63,97,1428883200,1444780800
63,97,1463443200,1477008000
63,97,1492732800,1507824000
63,97,1525219200,1540598400
63,97,1556150400,1571356800
63,112,1429056000,1444435200
63,112,1462406400,1477008000
63,112,1493337600,1507827580
63,112,1524614400,1540598400
63,112,1556150400,1571356800
63,117,1429056000,1444435200
63,117,1460678400,1477008000
63,117,1491436800,1507852800
63,117,1525219200,1534377600
63,117,1556150400,1571356800
63,118,1429056000,1444780800
63,118,1460678400,1477008000
63,118,1491436800,1507831170
63,118,1525219200,1539129600
63,118,1556150400,1571356800
63,129,1429056000,1443657600
63,129,1460592000,1477008000
63,129,1491436800,1497888000
63,192,1497830400,1507820420
63,204,1497830400,1507838460
63,204,1525219200,1540598400
63,204,1556150400,1571356800
63,616,1461715200,1471564800
63,616,1494374400,1509580800
63,616,1525651200,1539388800
63,617,1462320000,1473033600
63,617,1493251200,1509580800
63,617,1525651200,1539388800
63,617,1556150400,1570233600
63,618,1463011200,1479686400
63,618,1491177600,1506729600
63,643,1461888000,1477008000
63,643,1491436800,1497830400
63,1681,1579734020,NA
63,1686,1580241660,NA
63,1694,1581724800,NA
63,1699,1582070400,NA
64,495,1365509890,1369909380
64,495,1399784830,1401388160
64,495,1429315200,1433966340
64,495,1436791170,1446819330
64,495,1457787900,1463580030
64,495,1463580290,1463580420
64,495,1463580420,1508151300
64,495,1509050750,1567382400
64,496,1367335040,1369872900
64,496,1399995010,1401387260
64,496,1401400830,1401753600
64,496,1429315200,1434571260
64,496,1435172350,1446813180
64,496,1457514620,NA
64,535,1365332860,1371588610
64,535,1398250370,1401392900
64,535,1429747200,1434571260
64,535,1435161600,1446897410
64,535,1457776900,1476830850
64,535,1477305980,1482202110
64,535,1488563330,NA
64,536,1459870850,1466017150
64,536,1466017150,1482835580
64,536,1488630400,1575849600
64,537,1365262980,1367763070
64,537,1397203200,1401019140
64,537,1431129600,1434571260
64,537,1435163390,1446815870
64,537,1446879620,1447433980
64,537,1457514880,1457515010
64,537,1457704830,1554508800
64,537,1554901250,1554901500
64,537,1560861950,NA
64,538,1365382530,1369953790
64,538,1398799230,1401388420
64,538,1429142400,1433966340
64,538,1435150850,1444664580
64,538,1457691140,NA
64,539,1366545660,1369985150
64,539,1397191300,1401680510
64,539,1428710400,1435174140
64,539,1435174140,1446912000
64,539,1458306050,1475110780
64,539,1476815740,1477930110
64,539,1478509440,1479601920
64,539,1480148100,1481780860
64,539,1488625540,1498034180
64,539,1501074690,1501626240
64,539,1502132350,1502150660
64,539,1502967040,NA
64,541,1399724670,1402735490
64,541,1429228800,1435147260
64,541,1435147260,1446125310
64,541,1446125440,1449480960
64,541,1462892420,1470775420
64,541,1472475390,1481059330
64,541,1488621950,1493251200
64,541,1494764540,NA
64,542,1397563140,1400960260
64,542,1429228800,1435147260
64,542,1435147260,1446125060
64,542,1446370820,1447407870
64,542,1447926020,1449224060
64,542,1457788030,1459094400
64,542,1462956420,1470775420
64,542,1472475390,1481059330
64,542,1488621950,1493251200
64,542,1494764540,NA
64,754,1458304130,1459185540
64,754,1459942140,1459942530
64,754,1459964930,1464094850
64,754,1464095100,1570233600
64,754,1572367490,NA
64,767,1469030780,1540684800
64,767,1551182340,NA
64,772,1476403200,1504908030
64,772,1504908030,NA
64,928,1503158400,1506196740
64,928,1506196740,NA
64,1113,1435751940,1446913280
64,1113,1446913790,1449397250
64,1113,1458298750,1458298880
64,1113,1459101950,1508261500
64,1113,1509051650,1509051650
64,1113,1509051780,1555437570
64,1113,1557860350,1560861820
64,1113,1561381250,1575763200
64,1113,1575763200,NA
64,1255,1545393660,NA
64,1256,1541664000,NA
65,0,NA,NA
65,104,1429056000,1457654400
65,122,1460505600,1471996800
65,128,1461196800,NA
65,131,1429056000,NA
65,136,1429056000,NA
65,642,1460332800,1501200000
65,642,1501200000,1502841600
65,642,1502841600,NA
65,704,1490183940,1494870139
65,704,1494870140,NA
65,773,1472428800,NA
65,1704,1580947200,NA
66,274,NA,NA
67,101,1434931200,1445731200
67,101,1467310340,1476921600
67,101,1500133120,1510185600
67,101,1528003840,1529171970
67,101,1529172100,1539216000
67,101,1559917820,1567036800
67,287,1434758400,1442966400
67,287,1467058180,1476222340
67,287,1496852480,1508284800
67,287,1528977660,1538913540
67,287,1559829630,1565654400
67,302,1435017600,1444435200
67,302,1467602940,1471185920
67,302,1499528960,1508284800
67,302,1527984000,1528675200
67,302,1528909180,1531350020
67,302,1531396860,1535241600
67,891,1496693760,1498849150
67,891,1498855300,1509580800
67,891,1528027140,1539561600
67,891,1560556800,1569801600
67,1340,1528156800,1548288000
67,1340,1559869180,1568160000
67,1382,1559952000,1570060800
67,1387,1560988800,1565654400
68,98,1436302850,1469318400
68,1658,1497571200,1563753600
72,153,1467389700,1470064380
72,153,1470068350,1477325950
72,159,1437173760,1437261060
72,159,1437261060,1444267780
72,159,1467389820,1470064640
72,159,1470069120,1474129920
72,159,1474133890,1477499900
72,225,1437750020,1444307460
73,516,1435104000,1485561600
73,517,1438041600,1485561600
73,518,1438041600,1485561600
73,519,1438560000,1485561600
73,520,1429056000,1485561600
73,521,1437955200,1485561600
74,0,1525698050,NA
74,477,1429203580,1477583870
74,478,1429369220,1477929340
74,478,1501156860,1504224000
74,479,1428940800,1454112000
74,479,1458295170,1477501310
74,480,1430759680,1450224000
74,480,1458166780,1466620160
74,480,1466629380,1473973250
74,480,1473973250,1477412860
74,481,1460999170,1536944380
74,481,1536947710,1558022400
74,481,1563817860,1576090620
74,486,1429806590,1477764860
74,513,1430330620,1460132480
74,513,1460132990,NA
74,514,1430495100,1450224000
74,514,1458301440,NA
74,515,1429950590,1454112000
74,515,1458313220,1487955840
74,515,1527679740,1543055360
74,529,1458832380,1488053760
74,600,1429889410,1472320770
74,600,1472661380,1478676480
74,636,1505936380,1515024000
74,698,1461877250,1495444990
74,698,1526149760,NA
74,826,1505293180,1515024000
74,1098,1527170430,1541851140
75,113,1438222080,1442188800
75,115,1438307580,1442448000
75,120,1438307580,1442448000
75,121,1438214400,1442361600
75,122,1438135810,1442275200
75,123,1438135810,1442188800
75,125,1438308610,1442361600
75,132,1439337600,1442016000
75,170,1438308480,1442448000
75,645,1438128000,1442275200
76,241,1429358340,1432224000
76,241,1441627140,1444579200
76,241,1460129660,1472372990
76,242,1429358340,1432224000
76,242,1441627140,1444579200
76,242,1460129790,1480075260
76,242,1490954370,1490954500
76,242,1490954500,1495468800
76,242,1503673220,1511459970
76,242,1520870400,1527258240
76,242,1534839940,1543312770
76,242,1564477180,1566367230
76,243,1429358340,1432224000
76,243,1441627140,1444492800
76,243,1460126340,1480420860
76,243,1488376830,1517910780
76,243,1520872320,NA
76,244,1429358340,1432224000
76,244,1441627140,1444579200
76,244,1460129920,1480420860
76,244,1488376830,1507199360
76,244,1521716100,1555286400
76,244,1564480770,1564790400
76,244,1565949570,NA
76,703,1474649090,1480679940
76,703,1488470400,1510855170
76,851,1492775940,1508144380
76,851,1510055170,NA
76,853,1490182660,1510054780
76,853,1517991040,NA
76,968,1505387780,1507279620
76,968,1509013380,NA
76,988,1498582780,1509012860
76,988,1517991420,NA
76,989,1508146820,NA
76,990,1507281660,NA
76,995,1507201150,1517910780
76,995,1520504700,NA
76,1191,1537884030,1542672000
76,1191,1555329540,NA
76,1212,1542672000,NA
76,1265,1552572030,NA
77,0,1462924800,NA
77,2,1431302400,1435622400
77,2,1435708800,1438347650
77,2,1463184000,NA
77,3,1438732800,1443571200
77,707,1465171200,1468454400
77,713,1464220800,NA
77,727,1434240000,1435708800
77,809,1462579200,1468627200
78,4,1437573630,1440460800
78,4,1529868290,1543276800
78,10,1529756290,1539365120
78,12,1467039620,1479037700
78,41,NA,NA
78,42,1529776770,1543922430
78,42,1561571970,1567900800
78,42,1567987200,1572892160
78,48,1529699070,1545234560
78,67,1466781440,1479427200
78,67,1498578180,1510143870
78,67,1529675650,1544714750
78,71,1438163970,1440608380
78,71,1468195200,1479648000
78,71,1498309380,1510060800
78,71,1529612160,1534464000
78,72,1500474370,1510069500
78,72,1563370240,1567900800
78,72,1567987200,1572985860
78,158,1437400830,1440504060
78,158,1529768320,1543929340
78,221,NA,NA
78,245,1437559170,1440410370
78,245,1466467200,1478822400
78,245,1529600130,1534464000
78,248,1437537540,1440493180
78,248,1467158400,1472255360
78,248,1559001600,1559079679
78,249,1437580800,1440514820
78,249,1467072000,1476316800
78,249,1498224000,1509978620
78,249,1529425790,1544468350
78,355,1438264830,1440676860
78,355,1467158400,1476230400
78,355,1563459330,1566604800
78,356,1467072000,1476316800
78,356,1498146940,1509914500
78,357,1529684740,1544720130
78,357,1563235200,1567900800
78,357,1567987200,NA
78,358,1438358400,1459382400
78,358,1467244800,1532044800
78,358,1532044800,1541203200
78,358,1559055620,1561468540
78,358,1565105410,1567814400
78,358,1567900800,NA
78,359,1438099200,1440511230
78,359,1501027200,1514073600
78,360,1438084860,1440403200
78,360,1498235520,1509973380
78,361,1437562750,1440504060
78,362,1438599550,1459382400
78,362,1498064510,1505347200
78,363,1468800000,1476316800
78,363,1476317950,1476489600
78,363,1501027200,1501027200
78,363,1534464000,1544026240
78,364,1466985600,1476403200
78,365,1467072000,1476316800
78,365,1498077180,1509983740
78,365,1534464000,1536710400
78,365,1536710400,1544119810
78,365,1564061440,1567900800
78,365,1568073600,NA
78,548,1498056830,1509996290
78,548,1561543170,NA
78,561,1466985600,1473897600
78,564,1474038020,1479580670
78,566,1466985600,1469577600
78,566,1469577600,1473424260
78,566,1498592260,1510084860
78,610,NA,NA
78,641,1498659580,1509494400
78,641,1564358400,1567900800
78,641,1568073600,1572965760
78,661,1469059200,1476316800
78,661,1529439620,1544473220
78,1479,1564358400,1565481600
78,1479,1566604800,1567814400
78,1479,1578664830,NA
78,1480,1561468540,1565136000
78,1480,1578664830,NA
78,1481,1563494400,1572652800
78,1481,1578664190,NA
80,569,1440100860,1445731200
80,571,1439999740,1445040000
80,573,1439397630,1443830400
80,575,1440002430,1446249600
80,576,1442188800,1443744000
80,577,1439398780,1444089600
80,578,1440440060,1444348800
81,551,1466258430,1472774400
81,612,1465477250,1472036350
81,613,1466182780,1472029180
81,741,1466166660,1472205570
82,619,1447166340,1457465340
82,619,1468540800,1468627200
82,620,1470268800,NA
82,621,1445212800,NA
83,181,1443658750,1443661180
83,181,1473072900,1481328000
83,233,1569671940,1578934780
84,579,1443672060,1454040060
84,579,1459245950,1521936000
84,579,1524096000,NA
84,611,1438833660,1454040060
84,611,1458642690,NA
85,628,1462982400,NA
90,77,1522800000,1528761600
90,92,1490968060,1496880000
90,92,1522368000,1528761600
90,94,1490884740,1496880000
90,94,1522540800,1522540800
90,94,1522540800,1528761600
90,107,1490711420,1497052800
90,107,1522972800,1528761600
90,119,1485907200,1486425600
90,119,1490810370,1496880000
90,629,1459555200,1460678400
90,629,1460678400,1462752000
90,629,1489105920,1504656000
90,629,1505347200,1528761600
90,631,1458604800,1462665600
90,631,1490568190,1497052800
90,631,1522281600,1528761600
90,633,1445904000,1446163200
90,633,1458259200,1462924800
90,633,1490899200,1496966400
90,633,1522454400,1525737600
90,634,1459123200,1462924800
90,634,1489164670,1496966400
90,634,1524268800,1525824000
90,635,1445990400,1446163200
90,635,1460764800,1463011200
90,635,1489068030,1490313600
90,635,1490313600,1496880000
90,635,1522172420,1528761600
90,636,1459382400,1462924800
90,636,1489091970,1496966400
90,636,1522195200,1528761600
90,637,1459209600,1463011200
90,637,1490799870,1496880000
90,637,1522540800,1528761600
90,638,1445904000,1446163200
90,638,1459123200,1472601600
90,638,1472860800,1490392830
90,638,1490392830,1504569600
90,638,1505347200,1539043200
90,826,1490659200,1496880000
90,826,1522368000,1528761600
90,827,1489249790,1496880000
90,827,1522195200,1528761600
91,32,1475622270,1494594050
91,203,1443117570,1446105600
91,203,1446105600,1446386430
91,203,1446386430,1488228220
91,220,1443182340,1446105600
91,220,1446105600,1446387330
91,220,1446387330,1446566400
91,220,1446566400,1446639870
91,220,1446640000,1499940860
92,0,1530590460,1536254980
92,0,1561377540,1568894460
92,671,1468598400,1478030340
92,671,1493200770,1509537540
92,671,1529917180,NA
92,672,1463140860,1466068220
92,672,1466068220,1478030340
92,672,1493132420,1493132420
92,672,1493132420,NA
92,673,1463140860,1466092800
92,673,1466092800,1509552000
92,803,1463167360,1466604030
92,803,1466618370,1493146750
92,803,1501099260,1524652160
92,803,1530781180,NA
92,965,1497614340,1539363580
92,969,1493828740,1501084800
92,1128,1530763260,1536258560
92,1384,1562563840,1562566140
92,1384,1562567420,1562571010
92,1384,1562673660,1562709630
92,1384,1562702460,1562702460
92,1384,1564491010,1568894460
92,1493,1564497020,1568894460
92,1494,1564497020,1568894460
92,1536,1564502400,1568894460
96,816,1486058370,1494255620
96,816,1494255620,NA
105,10,1467298050,1478349060
105,42,1467216770,1478343420
105,158,1467287940,1478358020
105,357,1467237760,1478357120
105,359,1467885570,1478822400
105,641,1467839740,1478880900
106,482,1465398270,NA
107,582,1440198020,1447711230
107,582,1463270400,1472846340
107,582,1472848260,1486457980
107,582,1503360000,NA
107,583,1440115200,1447783170
107,583,1470182400,1477353600
107,776,1473705470,1478044800
110,547,1469611900,1476230400
110,563,1438387200,1446483580
110,563,1469006460,1476230400
112,123,1471651200,1480550400
113,0,1556042370,1556042370
113,1004,1506816000,NA
113,1005,1506556800,1506729600
113,1005,1506801660,NA
113,1006,1506801660,NA
113,1007,1506816000,NA
113,1008,1506729600,NA
113,1009,1506801660,NA
113,1010,1506801660,NA
113,1011,1507723260,1541203200
113,1011,1561647620,1566219650
113,1012,1507809540,NA
113,1013,1506628860,1506729600
113,1013,1506801660,NA
113,1062,1524096000,1555721980
113,1063,1525219200,1565136000
113,1063,1565171970,NA
113,1080,1528329600,1561644030
113,1081,1527120000,NA
113,1082,1528981250,NA
113,1083,1526342400,NA
113,1105,1526342400,NA
113,1106,1530144000,NA
113,1107,1530057600,NA
113,1108,1532563200,NA
113,1148,1536843650,NA
113,1151,1537794050,1565956860
113,1159,1538481660,1544745600
113,1159,1553943550,NA
113,1166,1540339200,1565568000
113,1166,1565956860,NA
113,1226,1545310850,1564272000
113,1227,1545224450,NA
113,1259,1542027650,NA
113,1295,1554465540,NA
113,1305,1556042370,NA
113,1410,1556208000,NA
113,1420,1564236030,NA
113,1451,1563800450,NA
113,1452,1564487940,NA
113,1454,1566914430,NA
113,1456,1564052350,NA
113,1457,1562850050,1568041220
113,1457,1568044800,NA
113,1461,1566313220,NA
113,1468,1565881220,1573718400
113,1468,1573719300,NA
113,1469,1566489600,NA
113,1477,1566475260,NA
113,1486,1565884800,1568044800
113,1486,1568048380,NA
113,1490,1566219650,1573052420
113,1511,1563544830,NA
113,1512,1564570750,NA
113,1515,1567522820,NA
113,1518,1567692030,NA
113,1520,1556179200,NA
113,1522,1568732420,1573569020
113,1525,1573052420,NA
114,804,1472990460,1480464000
114,805,1473033600,1480464000
114,806,1474848000,1480464000
114,806,1499983230,NA
114,909,1504612860,NA
116,161,1534032000,NA
116,169,1534377600,NA
116,179,1534377600,NA
117,0,1563524990,NA
117,0,1563537660,NA
117,705,1475625600,1496231940
117,778,1475755260,1563580800
117,807,1477612800,1563271170
117,808,1475020800,1563179390
117,1379,1575374340,NA
117,1672,1563274750,NA
120,0,NA,NA
120,273,1460419200,1503705600
120,273,1506887940,1523267970
120,273,1554224380,NA
120,702,1476221180,NA
120,782,1481732990,NA
120,783,1481302780,NA
120,789,1482364800,1503619200
120,789,1508529660,1509408000
120,789,1514419200,NA
120,799,1483574400,NA
120,800,1484224260,NA
120,801,1483010940,1533081600
120,801,1533081600,NA
120,815,1487952000,NA
120,820,1486944000,NA
120,822,1488451840,NA
120,823,1490710400,NA
120,971,1507838460,NA
120,1002,1509580800,NA
120,1100,1525478400,NA
121,0,1505952000,NA
123,0,1574272770,NA
123,0,1580925570,NA
123,703,1520208000,1521273600
123,703,1522992640,1524528000
123,793,1485388800,NA
123,794,1472515200,1495051260
123,795,1481795970,NA
123,796,1476299650,1493747970
123,796,1496217600,NA
123,797,1481727620,NA
123,832,1490140800,NA
123,833,1486483200,NA
123,834,1487721600,NA
123,835,1487635200,NA
123,836,1490227200,NA
123,860,1491868800,NA
123,861,1483660800,NA
123,862,1491782400,NA
123,864,1492041600,NA
123,865,1490054400,NA
123,881,1493728260,NA
123,882,1536242430,NA
123,912,1495000830,NA
123,943,1506556800,NA
123,984,1502884860,NA
123,985,1507161600,NA
123,986,1505174400,NA
123,987,1505347200,NA
123,1014,1504137600,NA
123,1015,1498039170,NA
123,1016,1513260030,NA
123,1028,1518739200,NA
123,1044,1520640000,1524009600
123,1044,1537344000,NA
123,1078,1527811200,NA
123,1079,1527811200,NA
123,1189,1541289600,NA
123,1666,1575539970,NA
124,356,1545048060,NA
124,360,1543996800,NA
124,883,1481662850,NA
124,889,1480935550,NA
124,934,1481367550,NA
125,127,1480348800,NA
126,871,1477598460,1491325180
129,0,NA,NA
130,647,1485129600,1508284800
130,802,1484006400,1507334400
130,821,1487853060,1508284800
132,958,1487660420,NA
134,1145,1532977150,NA
134,1162,1533671940,NA
134,1163,1533031170,NA
134,1164,1534088190,NA
138,239,1431264000,1490174080
138,239,1490205570,1501200000
138,239,1523044860,1525959040
138,239,1525959040,1529163010
138,239,1529163010,1531753220
139,886,1489865340,NA
139,959,1489947260,NA
140,1270,1548855040,NA
142,90,1499771390,1509537540
142,90,1523511040,1534348800
142,90,1536202240,NA
143,0,1492545540,NA
143,0,1492545540,NA
143,0,1492545540,NA
143,0,1498680060,NA
143,0,1502222340,NA
143,830,NA,NA
143,890,NA,NA
143,913,NA,NA
143,914,NA,NA
145,898,1493496060,1510617600
145,898,1525264770,1541548800
145,898,1555955580,1574208000
145,899,1493496060,1510531200
145,899,1525275650,1541548800
145,899,1556031620,1574208000
145,900,1493582340,1510531200
145,900,1525202820,1541548800
145,900,1556021500,1574208000
145,901,1493496060,1510531200
145,901,1525293310,1541548800
145,901,1556100860,1574208000
145,902,1493582340,1510531200
145,902,1525361540,1541548800
145,902,1556114430,1574208000
145,903,1493496060,1510531200
145,903,1525287300,1541548800
145,903,1556034560,1574208000
145,904,1493150460,1510444800
145,904,1525429120,1541462400
145,904,1556190590,1574208000
145,905,1493063940,1510531200
145,905,1525353860,1541548800
145,905,1556205180,1574208000
145,906,1493150460,1510531200
145,906,1525196290,1541548800
145,906,1556107010,1574208000
145,907,1493496060,1510617600
145,907,1525266940,1541635200
145,907,1556198020,1574208000
145,908,1493649280,1493730300
145,908,1493927940,1510531200
145,908,1525196290,1541635200
145,908,1556016510,1574208000
145,1065,1520013950,NA
145,1066,1523642370,NA
145,1067,1519840260,1567209600
145,1068,1522950400,NA
145,1069,1524424700,1529539200
145,1069,1552176000,1574208000
145,1070,1520112260,1562371200
145,1071,1522701570,1529539200
145,1071,1552238080,1558915200
145,1072,1520275710,NA
145,1073,1524502910,1527379200
145,1073,1552902270,1567209600
145,1074,1520353920,NA
145,1488,1556905090,1574208000
147,841,1494187260,1496793600
147,841,1496952060,NA
147,842,1500537600,NA
147,843,1491656960,1536883200
147,897,1496260860,1508889600
147,897,1508976000,1552953600
147,1000,1508112000,NA
147,1045,1520585980,1531911550
147,1087,1497816060,1500508800
147,1095,NA,NA
147,1095,1532001540,1551948540
147,1095,1552867200,NA
147,1178,1537783170,NA
148,77,1460824450,1481587200
148,81,1460848770,1465603200
148,90,1460932740,1481673600
148,92,1460920580,1481673600
148,94,1460927490,1481673600
148,105,1460853500,1460900100
148,107,1460900100,1481587200
148,119,1460914050,1481587200
148,568,1460842500,1490745600
148,601,1460939520,1465603200
148,606,1460814590,1481587200
149,888,1492214400,NA
150,828,1492184700,NA
150,840,1493059840,1505131520
150,961,1506349820,NA
150,1093,1535115260,1551716990
150,1093,1551717630,NA
151,975,1508976000,1542153600
151,976,1509127170,1542153600
151,977,1509043840,1520537340
151,978,1509050750,1510272000
151,978,1510329600,1554487170
151,979,1509074050,1554192000
151,980,1509069700,1554192000
151,1052,1520879490,1554192000
151,1235,1544439550,1554192000
151,1236,1544450430,1554192000
151,1298,1554488320,NA
151,1299,1554210940,NA
151,1300,1554217980,NA
151,1301,1554220930,NA
151,1302,1554133500,NA
151,1414,1554225410,NA
152,0,1569196800,1569283200
152,0,1569283200,NA
152,960,1506418180,NA
152,981,1507766400,NA
152,1153,1504051200,NA
152,1487,1564876800,NA
155,918,1492614020,1517270400
155,918,1517270400,NA
156,0,NA,NA
156,973,1501088380,1509094780
156,973,1531411200,1538076540
156,982,1500667140,1509033600
156,982,1530273540,1538085630
156,982,1561133060,NA
156,983,1498910460,1510574340
156,983,1561132800,1561132800
156,1385,1562759940,1562760060
157,115,1488035710,1497614340
157,124,1485616510,1497614340
157,125,1488035710,1497614340
157,645,1486497540,1494288000
157,645,1486497540,NA
157,732,1486479620,1494288000
159,857,1498636800,1508716800
159,858,1500465660,NA
159,869,1497470460,1508716800
159,870,1497513600,1508716800
162,477,1496998400,1542153600
162,486,1497442050,1525737600
162,514,NA,NA
165,0,1572439680,NA
165,944,1526652030,NA
165,945,1526482820,1553282430
165,1129,1526669950,NA
165,1395,1553282820,NA
166,880,1499684100,1500186620
166,880,1503415810,1506713340
166,880,1506788990,1530236420
166,1258,1552407550,1584456320
166,1261,1584457220,NA
167,0,1582988420,NA
167,0,1583884800,NA
167,966,1504807170,1552262400
167,966,1568030460,1583020800
167,967,1504789250,1515715200
167,967,1537556350,1542150020
167,1221,1537469950,NA
167,1222,1533664770,1577923200
167,1223,1533581950,1555372800
167,1306,1554940800,NA
167,1338,1555428220,1568030460
167,1338,1582988420,NA
167,1339,1555369600,NA
167,1509,1564952960,NA
167,1510,1564856190,NA
168,239,1501272060,1502928000
168,239,1502992770,1511813760
168,239,1511813760,1523044860
168,239,1531753220,1573059580
168,239,1573059710,NA
168,941,1535833860,1542124800
168,942,1529427580,NA
169,937,1500336000,NA
169,991,1502928000,1524700800
169,991,1529884800,NA
170,0,1503446400,NA
170,0,1503532800,1503532800
170,996,1502638850,1510358400
170,997,1502889340,1511702400
172,894,1505594370,1540920580
172,894,1540935040,1546630660
172,894,1546630910,1570035580
172,894,1570037380,NA
172,916,1508950780,1541794300
172,916,1546968060,1570120190
172,916,1570120830,NA
172,956,1507915780,1507924740
172,1186,1541893380,1541907970
172,1186,1542130430,1542140030
172,1186,1542140160,1546967810
172,1459,1565894140,NA
172,1573,1570798850,NA
173,0,1572281980,1572436740
173,0,1572281980,1572436740
173,992,1507381250,1556531970
173,992,1556533760,1572274820
173,992,1572276610,1572368380
173,993,1507226370,1541635200
173,994,1507294850,1548720000
174,229,NA,NA
174,229,1512691200,1516096770
174,229,1516096900,1530403200
174,647,1519516800,1526169600
174,647,1538697600,1549838340
174,647,1549838340,NA
174,802,1516147200,1527033600
174,802,1549411200,NA
174,821,1516147200,1530403200
174,821,1549390850,NA
174,969,1512691200,1526947200
174,969,1549756800,NA
174,1304,1556150400,1566950400
175,1019,1515096060,NA
175,1020,1517529600,NA
177,1091,1531401220,NA
177,1092,1531526400,NA
177,1103,1531267200,NA
177,1104,1531267200,NA
177,1114,1531699200,NA
177,1115,1531699200,NA
177,1117,1531699200,1554336000
177,1117,1554336000,NA
177,1118,1531526400,1554163200
177,1119,1531397630,1554163200
177,1120,1531353600,1554336000
177,1120,1554336000,NA
177,1146,NA,NA
177,1205,1554422400,NA
177,1210,1554422400,NA
177,1370,1557273600,1557446400
178,1090,1512071940,NA
179,0,1515427200,NA
182,1031,1501607040,1511601920
182,1031,1512906500,1518259580
182,1031,1518864260,NA
182,1084,1528724990,NA
182,1085,1528502400,1528898430
182,1086,1528502400,1528898430
183,0,1577923200,NA
183,1126,1534982400,1570060800
184,1058,1525765380,NA
186,1061,1521072000,1525996800
186,1061,1554566400,1557383940
189,975,1569428860,NA
189,976,1569276930,1575226500
189,976,1583421570,NA
189,1578,1569018620,1575222660
189,1578,1583427840,NA
189,1605,1570385410,NA
190,1267,1521561600,NA
191,612,1532030460,NA
191,731,1532113150,NA
191,1101,1532119680,NA
191,1284,1552430980,NA
191,1303,1556563840,NA
191,1432,1555174780,NA
193,1160,NA,NA
193,1160,1535313280,1581438590
193,1607,1581440380,NA
195,137,1558544380,1568739580
195,317,1530212350,1537401600
195,317,1558724350,1568825980
195,342,1530223230,1537401600
195,342,1559131140,1566950400
195,857,1530133250,1537315200
195,857,1558636160,1568811650
195,869,1530129660,1537315200
195,869,1558718980,1568829570
195,870,1530115200,1537315200
195,870,1558713600,1568743170
195,962,1563192060,1565308800
197,0,1558013440,1563280260
197,0,1563391740,NA
197,23,1530637950,1537541630
197,28,1529680510,1534362620
197,43,1529498880,1542130050
197,50,1529527810,1543426560
197,68,1529522050,1543424900
197,129,1529505020,1542126590
197,159,1530999810,1542109310
197,1374,1558025980,1568160000
197,1375,1557860610,1569283200
197,1376,1557849470,1569283200
197,1434,1559251840,NA
197,1435,1558036740,NA
197,1436,1561047550,1574164740
197,1437,1558033150,1574245760
197,1438,1559067650,NA
197,1439,1559080060,NA
197,1440,1559323260,NA
197,1441,1559237760,NA
197,1442,1563280260,1568124030
197,1473,1564963200,1568124030
197,1474,1565044220,1568124030
197,1492,1565526780,1568124030
198,0,NA,NA
198,1497,1564170620,NA
198,1580,1564179330,NA
201,938,1530403200,NA
201,939,1530403200,NA
201,940,1530403200,NA
201,1097,1532044800,NA
201,1171,1536019200,NA
203,1064,1561669250,1565179140
203,1064,1566514820,NA
203,1238,1561753860,NA
203,1394,NA,NA
203,1394,1561593600,1561680000
203,1394,1562356740,1565200770
203,1394,1566345600,NA
203,1503,1566416640,1566579580
203,1503,1566580220,NA
206,1373,1523750400,NA
207,1435,NA,NA
210,0,1578592260,NA
210,0,1578604540,NA
210,0,1579023230,NA
210,0,1579037060,NA
210,0,1579041660,NA
210,1188,1539355140,NA
210,1543,1578590210,NA
210,1596,1579030270,NA
210,1597,1579015940,NA
211,0,NA,NA
211,0,NA,NA
211,0,NA,NA
211,0,NA,NA
211,0,NA,NA
211,0,1566777600,NA
211,0,1567382400,NA
211,0,1567468800,NA
211,0,1567468800,NA
211,0,1568419200,NA
211,0,1568592000,NA
211,0,1568851200,NA
211,849,1533663740,NA
211,850,1533664640,NA
211,1228,1533664260,NA
211,1229,NA,NA
212,1172,1538694020,NA
212,1179,1537318780,NA
212,1180,1536184830,NA
212,1181,1537527550,NA
212,1182,1537318780,NA
212,1183,1542297600,NA
212,1184,NA,NA
212,1184,1542297600,NA
212,1185,1546444800,NA
212,1242,1537235970,NA
212,1498,1535752830,NA
212,1499,1539694850,NA
212,1500,1537556350,NA
212,1516,NA,NA
213,0,NA,NA
213,1141,1534861310,1537303550
213,1141,1537304190,NA
213,1149,1536828670,1545244160
213,1149,1559762430,1564758020
213,1149,1564771840,1576079100
213,1150,1538083710,1538591360
213,1150,1538600580,1540856700
213,1150,1547057660,NA
213,1294,1556653440,NA
213,1355,1560364420,NA
213,1408,1561582340,NA
213,1409,1561665540,1571874050
213,1466,1565287170,NA
213,1528,1567717120,1573058560
213,1529,1568316540,1571691650
213,1582,1570730370,NA
214,1123,1535328000,1536796800
214,1123,1537241470,1541757570
214,1124,1535936380,1536796800
214,1124,1537225860,NA
214,1142,1537148290,1541822460
214,1143,1537324800,1537574400
214,1144,1537156100,1541822460
214,1146,1537139970,1541923200
214,1147,1537059840,1541851140
216,996,1534154240,1541505790
217,677,1535727620,NA
217,710,1535328000,NA
220,977,1563321600,NA
222,798,NA,NA
223,892,1566950400,NA
223,1266,1559347200,NA
223,1332,1558828800,1559001600
223,1332,1559001600,1560556800
223,1332,1560556800,1562284800
223,1332,1562284800,NA
223,1334,1559520000,NA
223,1371,1566345600,1567987200
223,1371,1567987200,1567990780
223,1371,1567994370,NA
223,1513,1559088000,1559091580
223,1513,1559174400,1559347200
223,1513,1559347200,1567663230
223,1513,1567666820,1567666820
223,1513,1567670400,1567673980
223,1513,1567673980,NA
223,1514,1559347200,NA
223,1533,1558893950,NA
223,1534,1559073540,1568994300
223,1569,1564559100,NA
223,1570,1560942340,1569801600
223,1584,1564574080,NA
223,1585,1558656000,1571961600
224,0,1536710400,NA
225,1187,1540401660,NA
225,1532,1565884800,NA
226,1294,NA,NA
226,1530,1568761220,1577988860
227,1246,1542240000,1542585600
227,1246,1542585600,1553740160
227,1246,1553745660,1558575870
227,1246,1558594820,NA
227,1337,1561091460,NA
229,1245,1542657540,NA
229,1260,1548979200,NA
230,1224,1540479620,NA
231,982,1550232060,1557100800
231,983,1550160000,1557100800
231,1127,1544029180,NA
231,1494,1576843260,NA
232,829,NA,NA
233,1234,1541635200,NA
234,1316,1562112000,NA
234,1368,1566864000,NA
234,1676,1546503550,NA
234,1677,1564012800,NA
235,0,1524614400,NA
235,0,1524614400,NA
235,0,1524614400,NA
235,0,1565654400,NA
235,0,1565654400,NA
235,0,1565827200,NA
235,0,1565913600,NA
235,0,1565913600,NA
235,0,1565913600,NA
235,0,1.566e+09,NA
235,0,1.566e+09,NA
235,0,1.566e+09,NA
235,0,1.566e+09,NA
235,0,1566086400,NA
235,0,1566172800,NA
235,0,1566172800,NA
235,0,1566172800,NA
235,0,1566259200,NA
235,0,1566259200,NA
235,1036,1521244800,NA
235,1037,1521244800,NA
235,1038,1521244800,NA
235,1039,1521244800,NA
235,1040,1521244800,NA
235,1041,1521244800,NA
235,1042,1521244800,NA
235,1047,1521244800,1566086400
235,1047,1566086400,NA
235,1056,1521417600,1.566e+09
235,1056,1.566e+09,NA
235,1057,1521417600,1526601600
235,1057,1565654400,1565740800
235,1057,1565740800,NA
235,1060,1527379200,1527562750
235,1268,1526947200,NA
235,1269,1519776000,NA
235,1272,1519718400,NA
235,1273,1527033600,NA
235,1274,1527562750,NA
235,1275,1527379200,NA
235,1276,1527379200,NA
235,1277,1527379200,NA
235,1278,1519776000,NA
235,1279,1519776000,NA
235,1288,NA,NA
235,1369,1524096000,NA
235,1388,1524614400,NA
235,1389,1524614400,NA
235,1390,1524614400,NA
235,1391,1524614400,NA
235,1392,1524614400,NA
235,1393,1524614400,NA
235,1411,1524614400,NA
235,1537,1524614400,NA
235,1625,1575504000,NA
235,1626,1575590400,NA
235,1628,1584144000,NA
236,0,1537920000,1538006400
236,0,1567382400,1567382400
236,0,1567382400,1567382400
236,0,1571702400,1574380800
236,0,1583452800,NA
236,0,1583452800,NA
236,0,1583452800,NA
236,0,1583452800,NA
236,0,1583452800,NA
236,0,1583452800,NA
236,0,1583539200,NA
236,0,1583539200,NA
236,0,1583539200,NA
236,0,1583539200,NA
236,0,1583539200,NA
236,0,1583625600,NA
236,0,1583798400,NA
236,1130,1535932800,1566777600
236,1130,1567382400,NA
236,1131,1536019200,1549065600
236,1131,1550707200,NA
236,1132,1536019200,NA
236,1133,1536019200,1549065600
236,1133,1550793600,NA
236,1134,1536019200,1557014400
236,1134,1557014400,1566604800
236,1134,1566604800,1569657600
236,1134,1569657600,NA
236,1135,1536019200,1549065600
236,1135,1550793600,NA
236,1136,1536019200,1549065600
236,1137,1536019200,1550707200
236,1137,1550707200,NA
236,1138,1536019200,1567382400
236,1138,1567382400,NA
236,1139,1536019200,1557014400
236,1146,1547769600,1547856000
236,1154,1536019200,1567382400
236,1154,1567382400,1569729540
236,1154,1569729660,NA
236,1155,1537920000,1543708800
236,1156,1537920000,1543708800
236,1157,1537920000,1543708800
236,1158,1537920000,1543363200
236,1190,1537920000,1543708800
236,1192,1537920000,1543708800
236,1193,1537920000,1543708800
236,1193,1583625600,NA
236,1194,1537920000,1543708800
236,1195,1537833600,1537920000
236,1195,1537920000,1543708800
236,1196,1537920000,1543708800
236,1201,1537920000,1569715200
236,1202,1537920000,1574380800
236,1203,1537920000,1567382400
236,1203,1567382400,NA
236,1204,1537920000,1543449600
236,1205,1537920000,1546300800
236,1206,1537920000,1543449600
236,1206,1557100800,1559433600
236,1207,1537920000,1543449600
236,1208,1537920000,1567382400
236,1208,1567382400,NA
236,1209,1537920000,1543708800
236,1210,1537920000,1546300800
236,1211,1537920000,1543449600
236,1214,1536019200,NA
236,1215,1536019200,NA
236,1216,1536019200,1546387200
236,1217,1536019200,NA
236,1241,1549497600,1549522820
236,1241,1550966400,NA
236,1287,1551052800,NA
236,1288,1551052800,NA
236,1289,1550880000,NA
236,1290,1550880000,NA
236,1291,1550707200,NA
236,1292,1550966400,1584144000
236,1293,1551052800,1566691200
236,1293,1566691200,1583798400
236,1293,1583798400,NA
236,1370,1569801600,NA
236,1561,1567382400,1584144000
236,1562,1567382400,NA
236,1565,1567382400,NA
236,1566,1567382400,NA
236,1567,1567382400,NA
236,1568,1567382400,NA
236,1572,1567382400,NA
236,1617,1571702400,NA
236,1619,1567382400,NA
236,1620,1567382400,NA
236,1621,1569110400,1574726400
236,1624,1571616000,1574380800
236,1624,1583452800,NA
236,1625,1571702400,1574380800
236,1626,1571529600,1574377220
236,1627,1571702400,1574380800
236,1627,1583539200,NA
236,1628,1571702400,1574380800
236,1629,1571443200,1574380800
236,1629,1574553600,1583798400
236,1629,1583798400,NA
236,1630,1571529600,1574380800
236,1630,1583625600,NA
236,1631,1571529600,1574377220
236,1631,1583625600,NA
236,1632,1571788800,1574377220
236,1632,1583452800,NA
236,1633,1571443200,1574380800
236,1634,1571702400,1574380800
236,1634,1583452800,NA
236,1635,1571443200,1574380800
236,1635,1574553600,1583798400
236,1635,1583798400,NA
236,1636,1571443200,1574380800
236,1636,1574553600,NA
236,1637,1569283200,1574812800
236,1637,1583625600,NA
236,1638,1571788800,1574380800
236,1639,1571788800,1574380800
236,1639,1583452800,NA
236,1640,1571702400,NA
236,1641,1571702400,1574380800
236,1641,1583539200,NA
236,1642,1571702400,1574380800
236,1642,1583539200,NA
236,1643,1571788800,1574380800
236,1644,1571702400,1574380800
236,1644,1583625600,NA
236,1645,1571702400,1574380800
236,1645,1583798400,NA
236,1646,1571529600,1574377220
236,1647,1571616000,NA
236,1651,1567382400,1583798400
238,1061,1548158460,1549216770
239,48,1550064640,NA
239,361,1550341500,NA
239,362,1550152830,NA
240,1482,1550619900,NA
240,1545,NA,NA
241,1123,1556780540,1581062400
241,1142,1552435200,1553126400
241,1142,1553942780,1581062400
241,1143,1552435200,1553126400
241,1143,1553773310,1556780420
241,1143,1559260800,1560045570
241,1143,1562795520,1581062400
241,1144,1563241730,NA
241,1146,1552435200,1553126400
241,1146,1553516800,1581062400
241,1147,1556948740,1581062400
241,1282,1552435200,1553126400
241,1282,1553612420,1556596740
241,1282,1556596740,1581062400
241,1283,1552435200,1553126400
241,1283,1553670910,1556582400
241,1283,1556582400,1581062400
241,1320,1552435200,1556668800
241,1320,1556684290,1567382400
241,1321,1552435200,1553126400
241,1321,1553498880,1570067970
241,1322,1552435200,1553126400
241,1322,1553786110,1581062400
241,1323,1552435200,1553212800
241,1323,1553600000,1562633090
241,1324,1552435200,1553126400
241,1324,1553530110,1581062400
241,1325,1552435200,1553126400
241,1325,1556866300,1581062400
241,1326,1552435200,1553126400
241,1326,1553857020,1581062400
241,1327,1552435200,1553126400
241,1327,1556700670,1563055740
241,1327,1563144960,1581062400
241,1328,1552435200,1553126400
241,1328,1553758980,1557025150
241,1328,1557095170,1581062400
241,1329,1552435200,1553126400
241,1329,1553506820,1581062400
241,1330,1552435200,1553126400
241,1330,1553685500,1581062400
241,1346,1552435200,1553126400
241,1346,1556762110,1581062400
241,1347,1552435200,1553126400
241,1347,1553585920,1581062400
241,1348,1552435200,1556409600
241,1348,1557090820,1562795390
241,1356,1552435200,1553126400
241,1356,1562712960,1581062400
241,1449,1552435200,1553126400
241,1449,1553875200,1557090050
241,1449,1563361150,1563608060
241,1449,1563608700,NA
241,1483,1552435200,1553126400
241,1483,1565758850,NA
241,1540,1567409410,1581062400
241,1579,1570170620,1581062400
241,1581,1570944900,1581062400
241,1604,1572134400,NA
243,1055,1526471040,1537606780
244,1285,1553180420,NA
246,1364,1553711490,1558039940
246,1365,1553772420,1558018180
246,1366,1554556670,1558082180
246,1367,1554384130,1558077950
247,1257,1553279360,1561638660
247,1257,1562091780,NA
247,1448,1575927810,1576316930
247,1448,1579645180,1579820540
247,1448,1579820670,NA
248,553,1469145600,NA
248,790,1469836800,1477440000
248,790,1499990400,1520208000
248,885,1559001600,NA
248,1344,1563408000,NA
248,1583,1559001600,NA
250,192,1558007040,1561137920
250,192,1562872700,1570744830
250,616,1559156740,1561148420
250,616,1562877820,1570055940
250,618,1559161860,1562612480
250,618,1563475460,1570053630
250,1359,1561075200,1563465860
250,1359,1563820420,1570833660
250,1360,1561138050,1562884860
250,1360,1562884860,1570833660
250,1406,1560265220,1560267010
250,1406,1560297600,1560384000
250,1406,1562612480,1570053630
251,1350,1560816000,NA
251,1564,NA,NA
252,0,NA,NA
252,0,1559777660,1559777660
252,1412,1559691260,1573464960
253,0,NA,NA
253,0,1569503740,NA
253,0,1584536450,NA
253,1281,1556301570,NA
253,1648,NA,NA
253,1648,1572425980,1577232000
253,1649,1573732860,NA
256,1307,1558008060,NA
256,1308,1558008060,NA
256,1309,1558008060,NA
256,1310,1558008060,NA
256,1311,1558008060,NA
256,1312,1558008060,NA
256,1313,1558008060,NA
256,1314,1558008060,NA
256,1315,1558008060,NA
256,1396,1558008060,NA
256,1397,1558008060,NA
256,1398,1558008060,NA
256,1399,1557964800,NA
256,1400,1558008060,NA
256,1401,1558008060,NA
256,1402,1558008060,NA
256,1403,1557964800,NA
257,1357,1554746370,NA
258,1659,1551398400,1579298430
258,1659,1579298430,NA
259,0,NA,NA
259,0,NA,NA
260,123,1480694400,NA
260,1354,1559174400,1568678400
261,0,1565827200,NA
264,1318,1559730560,NA
265,92,1559618300,NA
265,629,1559701500,NA
265,637,1559836290,NA
266,1423,1559865600,1572278400
267,941,1563443970,1569113980
267,1563,1563216000,1563560960
267,1563,1563560960,1568836860
273,551,1472774400,NA
274,1504,1566172800,1573686020
274,1505,NA,NA
275,1381,1561743870,NA
276,0,NA,NA
276,0,1571875200,NA
276,1654,1568219390,NA
276,1655,1568642430,NA
276,1656,1568631550,NA
276,1657,1568204160,NA
276,1668,1571875200,NA
277,1254,1564749060,1572793220
277,1365,1565016320,1572722940
277,1366,1564579840,1572281980
277,1367,1564957820,1572713980
279,0,1503532800,NA
279,0,1503532800,NA
279,0,1503532800,NA
280,0,1562630400,1565740800
280,1495,1565136000,1584662400
280,1542,1584662400,NA
280,1586,1562462080,NA
280,1587,1562617220,NA
280,1588,1562531970,NA
280,1591,1565481600,NA
280,1592,1562784770,NA
280,1593,1562889600,NA
280,1594,1562889600,NA
280,1595,1562802300,NA
280,1598,1562889600,NA
280,1599,1584662400,NA
280,1603,1562889600,NA
280,1606,1584489600,NA
280,1612,1584489600,NA
281,0,NA,NA
281,1484,1565449220,1579082370
281,1683,NA,NA
281,1684,1584653180,NA
281,1712,NA,NA
282,1538,1563580800,NA
282,1539,1575657340,NA
284,1476,NA,NA
287,0,1558695550,NA
287,1491,1559552380,NA
287,1506,1561107580,NA
288,342,1572397180,1572480000
290,1362,1567695620,NA
291,1519,NA,NA
291,1519,1568807940,NA
291,1554,1569412860,1569715200
291,1554,1569715200,1570406400
291,1554,1570535940,1570579200
291,1554,1570622460,NA
291,1575,1570363140,1579219200
291,1575,1579435260,1581757180
291,1575,1581775230,NA
292,0,1563580800,NA
292,1427,1563494400,NA
292,1428,1563580800,NA
293,1429,1561939200,NA
293,1549,1568851200,NA
293,1560,1568851200,NA
293,1564,NA,NA
294,1660,1578528000,NA
301,1664,1571514240,NA
304,1378,1579021180,NA
312,1527,1567622660,1571691650
313,1700,1583064060,NA
316,1701,1584057600,NA
317,0,1582646400,NA
321,1714,1584975620,NA
